Anaheim,Oct 3 2019,vs Arizona,REG,W, 2-1 , -115,U,5.5
Anaheim,Oct 5 2019,vs San Jose,REG,W, 3-1 , -115,U,5.5
Anaheim,Oct 8 2019,@ Detroit,REG,W, 3-1 , -125,U,5.5
Anaheim,Oct 10 2019,@ Pittsburgh,REG,L, 2-1 , +125,U,5.5
Anaheim,Oct 11 2019,@ Columbus,REG,W, 2-1 , +120,U,5.5
Anaheim,Oct 14 2019,@ Boston,REG,L, 4-2 , +185,O,5.5
Anaheim,Oct 16 2019,vs Buffalo,REG,W, 5-2 , -130,O,5.5
Anaheim,Oct 18 2019,vs Carolina,REG,W, 4-2 , +105,O,5.5
Anaheim,Oct 20 2019,vs Calgary,REG,L, 2-1 , -140,U,5.5
Anaheim,Oct 22 2019,@ Nashville,REG,L, 6-1 , +135,O,5.5
Anaheim,Oct 24 2019,@ Dallas,REG,L, 2-1 , +130,U,5
Anaheim,Oct 26 2019,@ Colorado,REG,W, 5-2 , +135,O,5.5
Anaheim,Oct 27 2019,@ Vegas,REG,L, 5-2 , +210,O,5.5
Anaheim,Oct 29 2019,vs Winnipeg,REG,W, 7-4 , -110,O,5.5
Anaheim,Nov 1 2019,vs Vancouver,REG,W, 2-1 , -110,U,5.5
Anaheim,Nov 3 2019,vs Chicago,REG,L, 3-2 , -145,U,5.5
Anaheim,Nov 5 2019,vs Minnesota,REG,L, 4-2 , -130,O,5.5
Anaheim,Nov 10 2019,vs Edmonton,REG,L, 6-2 , -125,O,5.5
Anaheim,Nov 12 2019,vs Detroit,REG,L, 4-3 , -170,O,5.5
Anaheim,Nov 14 2019,vs San Jose,REG,L, 5-3 , -105,O,6
Anaheim,Nov 16 2019,@ St. Louis,REG,W, 4-1 , +145,U,5.5
Anaheim,Nov 18 2019,@ Washington,REG,L, 5-2 , +185,O,6
Anaheim,Nov 21 2019,@ Florida,REG,L, 5-4 , +155,O,6.5
Anaheim,Nov 23 2019,@ Tampa Bay,REG,L, 6-2 , +190,O,6.5
Anaheim,Nov 25 2019,vs NY Islanders,REG,W, 3-0 , +105,U,5.5
Anaheim,Nov 27 2019,@ Arizona,REG,L, 4-3 , +125,O,5.5
Anaheim,Nov 29 2019,vs Winnipeg,REG,L, 3-0 , -125,U,5.5
Anaheim,Dec 2 2019,vs Los Angeles,REG,W, 4-2 , -145,O,5.5
Anaheim,Dec 6 2019,vs Washington,REG,L, 3-2 , +135,U,6
Anaheim,Dec 8 2019,@ Winnipeg,REG,L, 3-2 , +135,U,5.5
Anaheim,Dec 10 2019,@ Minnesota,REG,W, 3-2 , +130,U,5.5
Anaheim,Dec 12 2019,vs Los Angeles,REG,L, 2-1 , -145,U,5.5
Anaheim,Dec 14 2019,vs NY Rangers,REG,W, 4-3 , -140,O,5.5
Anaheim,Dec 17 2019,@ Philadelphia,REG,L, 4-1 , +115,U,5.5
Anaheim,Dec 18 2019,@ New Jersey,REG,L, 3-1 , -105,U,5.5
Anaheim,Dec 21 2019,@ NY Islanders,REG,W, 6-5 , +150,O,5
Anaheim,Dec 22 2019,@ NY Rangers,REG,L, 5-1 , +150,O,5.5
Anaheim,Dec 27 2019,vs Vegas,REG,W, 4-3 , +130,O,5.5
Anaheim,Dec 29 2019,vs Philadelphia,REG,L, 2-1 , -110,U,5.5
Anaheim,Dec 31 2019,@ Vegas,REG,L, 5-2 , +195,O,5.5
Anaheim,Jan 2 2020,@ Arizona,REG,L, 4-2 , +155,O,5.5
Anaheim,Jan 5 2020,vs Nashville,REG,W, 5-4 , +110,O,5.5
Anaheim,Jan 7 2020,vs Columbus,REG,L, 4-3 , -125,O,5.5
Anaheim,Jan 9 2020,vs Dallas,REG,L, 3-0 , +110,U,5
Anaheim,Jan 11 2020,@ Chicago,REG,L, 4-2 , +110,O,5.5
Anaheim,Jan 13 2020,@ St. Louis,REG,L, 4-1 , +180,U,5.5
Anaheim,Jan 16 2020,@ Nashville,REG,W, 4-2 , +165,P,6
Anaheim,Jan 17 2020,@ Carolina,REG,W, 2-1 , +175,U,5.5
Anaheim,Jan 27 2020,@ San Jose,REG,L, 4-2 , +125,O,5.5
Anaheim,Jan 29 2020,vs Arizona,REG,W, 4-2 , +100,O,5
Anaheim,Jan 31 2020,vs Tampa Bay,REG,L, 4-3 , +170,O,6
Anaheim,Feb 1 2020,@ Los Angeles,REG,W, 3-1 , +110,U,5.5
Anaheim,Feb 4 2020,@ Ottawa,REG,W, 3-2 , -105,U,6
Anaheim,Feb 6 2020,@ Montreal,REG,L, 3-2 , +135,U,5.5
Anaheim,Feb 7 2020,@ Toronto,REG,L, 5-4 , +220,O,6.5
Anaheim,Feb 9 2020,@ Buffalo,REG,W, 3-2 , +100,U,5.5
Anaheim,Feb 13 2020,vs Calgary,REG,L, 6-0 , -110,O,5.5
Anaheim,Feb 16 2020,@ Vancouver,REG,W, 5-1 , +125,O,5.5
Anaheim,Feb 17 2020,@ Calgary,REG,L, 6-4 , +165,O,6
Anaheim,Feb 19 2020,vs Florida,REG,L, 4-1 , +110,U,6.5
Anaheim,Feb 21 2020,vs Colorado,REG,L, 1-0 , +145,U,5.5
Anaheim,Feb 23 2020,vs Vegas,REG,L, 6-5 , +140,O,6
Anaheim,Feb 25 2020,vs Edmonton,REG,W, 4-3 , +130,O,6
Anaheim,Feb 28 2020,vs Pittsburgh,REG,W, 3-2 , +170,U,6
Anaheim,Mar 1 2020,vs New Jersey,REG,L, 3-0 , -155,U,5.5
Anaheim,Mar 3 2020,@ Chicago,REG,L, 6-2 , +160,O,6
Anaheim,Mar 4 2020,@ Colorado,REG,W, 4-3 , +285,O,5.5
Anaheim,Mar 6 2020,vs Toronto,REG,W, 2-1 , +150,U,6
Anaheim,Mar 8 2020,vs Minnesota,REG,L, 5-4 , +115,O,5.5
Anaheim,Mar 10 2020,vs Ottawa,REG,W, 5-2 , -135,O,6
Anaheim,Mar 11 2020,vs St. Louis,REG,L, 4-2 , +175,U,6.5

Arizona,Oct 3 2019,@ Anaheim,REG,L, 2-1 , -105,U,5.5
Arizona,Oct 5 2019,vs Boston,REG,L, 1-0 , +125,U,5.5
Arizona,Oct 10 2019,vs Vegas,REG,W, 4-1 , +100,U,5.5
Arizona,Oct 12 2019,@ Colorado,REG,L, 3-2 , +130,U,6
Arizona,Oct 15 2019,@ Winnipeg,REG,W, 4-2 , +105,P,6
Arizona,Oct 17 2019,vs Nashville,REG,W, 5-2 , -105,O,5.5
Arizona,Oct 19 2019,vs Ottawa,REG,W, 5-2 , -230,O,6
Arizona,Oct 22 2019,@ NY Rangers,REG,W, 3-2 , -120,U,6
Arizona,Oct 24 2019,@ NY Islanders,REG,L, 4-2 , -105,O,5
Arizona,Oct 25 2019,@ New Jersey,REG,W, 5-3 , +100,O,5.5
Arizona,Oct 28 2019,@ Buffalo,REG,W, 3-2 , +100,U,5.5
Arizona,Oct 30 2019,vs Montreal,REG,L, 4-1 , -130,U,6
Arizona,Nov 2 2019,vs Colorado,REG,W, 3-0 , -145,U,5.5
Arizona,Nov 4 2019,@ Edmonton,REG,W, 3-2 , -105,U,5.5
Arizona,Nov 5 2019,@ Calgary,REG,L, 4-3 , +145,O,5.5
Arizona,Nov 7 2019,vs Columbus,REG,L, 3-2 , -145,U,5.5
Arizona,Nov 9 2019,vs Minnesota,REG,L, 4-3 , -145,O,5.5
Arizona,Nov 11 2019,@ Washington,REG,W, 4-3 , +160,O,6
Arizona,Nov 12 2019,@ St. Louis,REG,W, 3-2 , +145,U,5.5
Arizona,Nov 14 2019,@ Minnesota,REG,L, 3-2 , -105,U,5.5
Arizona,Nov 16 2019,vs Calgary,REG,W, 3-0 , -115,U,5.5
Arizona,Nov 18 2019,vs Los Angeles,REG,W, 3-0 , -170,U,5.5
Arizona,Nov 21 2019,vs Toronto,REG,L, 3-1 , -110,U,6
Arizona,Nov 23 2019,@ Los Angeles,REG,W, 3-2 , -125,U,5.5
Arizona,Nov 24 2019,vs Edmonton,REG,L, 4-3 , -125,O,5.5
Arizona,Nov 27 2019,vs Anaheim,REG,W, 4-3 , -145,O,5.5
Arizona,Nov 29 2019,@ Vegas,REG,L, 2-1 , +130,U,5.5
Arizona,Nov 30 2019,vs San Jose,REG,L, 4-2 , -125,O,5.5
Arizona,Dec 3 2019,@ Columbus,REG,W, 4-2 , -110,O,5
Arizona,Dec 5 2019,@ Philadelphia,REG,W, 3-1 , +125,U,5.5
Arizona,Dec 6 2019,@ Pittsburgh,REG,L, 2-0 , +155,U,5.5
Arizona,Dec 8 2019,@ Chicago,REG,W, 4-3 , -110,O,5.5
Arizona,Dec 10 2019,vs Calgary,REG,L, 5-2 , -135,O,5.5
Arizona,Dec 12 2019,vs Chicago,REG,W, 5-2 , -155,O,5.5
Arizona,Dec 14 2019,vs New Jersey,REG,L, 2-1 , -225,U,5.5
Arizona,Dec 17 2019,@ San Jose,REG,W, 3-2 , -115,U,5.5
Arizona,Dec 19 2019,vs Minnesota,REG,L, 8-5 , -165,O,5.5
Arizona,Dec 22 2019,@ Detroit,REG,W, 5-2 , -225,O,5.5
Arizona,Dec 23 2019,@ Nashville,REG,L, 3-2 , +130,U,6
Arizona,Dec 28 2019,@ Vegas,REG,L, 4-1 , +120,U,5.5
Arizona,Dec 29 2019,vs Dallas,REG,L, 4-2 , -115,O,5
Arizona,Dec 31 2019,vs St. Louis,REG,W, 3-1 , +100,U,5.5
Arizona,Jan 2 2020,vs Anaheim,REG,W, 4-2 , -175,O,5.5
Arizona,Jan 4 2020,vs Philadelphia,REG,W, 6-2 , -135,O,5.5
Arizona,Jan 7 2020,@ Florida,REG,W, 5-2 , +115,O,6
Arizona,Jan 9 2020,@ Tampa Bay,REG,L, 4-0 , +180,U,6.5
Arizona,Jan 10 2020,@ Carolina,REG,L, 3-0 , +155,U,5.5
Arizona,Jan 12 2020,vs Pittsburgh,REG,L, 4-3 , -105,O,5.5
Arizona,Jan 14 2020,vs San Jose,REG,W, 6-3 , -135,O,5.5
Arizona,Jan 16 2020,@ Vancouver,REG,L, 3-1 , -105,U,5.5
Arizona,Jan 18 2020,@ Edmonton,REG,L, 7-3 , -105,O,5.5
Arizona,Jan 29 2020,@ Anaheim,REG,L, 4-2 , -120,O,5
Arizona,Jan 30 2020,vs Los Angeles,REG,L, 3-2 , -165,U,5.5
Arizona,Feb 1 2020,vs Chicago,REG,L, 3-2 , -140,U,6
Arizona,Feb 4 2020,vs Edmonton,REG,W, 3-0 , -115,U,5.5
Arizona,Feb 6 2020,vs Carolina,REG,L, 5-3 , -105,O,5.5
Arizona,Feb 8 2020,@ Boston,REG,L, 4-2 , +200,O,5.5
Arizona,Feb 10 2020,@ Montreal,REG,W, 3-2 , +125,U,5.5
Arizona,Feb 11 2020,@ Toronto,REG,L, 3-2 , +170,U,6.5
Arizona,Feb 13 2020,@ Ottawa,REG,L, 3-2 , -135,U,5.5
Arizona,Feb 15 2020,vs Washington,REG,W, 3-1 , +110,U,6
Arizona,Feb 17 2020,vs NY Islanders,REG,W, 2-1 , -125,U,5
Arizona,Feb 19 2020,@ Dallas,REG,L, 3-2 , +145,P,5
Arizona,Feb 20 2020,@ St. Louis,REG,L, 1-0 , +155,U,5.5
Arizona,Feb 22 2020,vs Tampa Bay,REG,W, 7-3 , +150,O,5.5
Arizona,Feb 25 2020,vs Florida,REG,L, 2-1 , -135,U,6
Arizona,Feb 29 2020,vs Buffalo,REG,W, 5-2 , -190,O,5.5
Arizona,Mar 4 2020,@ Vancouver,REG,W, 4-2 , -105,O,5.5
Arizona,Mar 6 2020,@ Calgary,REG,L, 3-2 , +125,U,5.5
Arizona,Mar 9 2020,@ Winnipeg,REG,L, 4-2 , +110,O,5.5

Boston,Oct 3 2019,@ Dallas,REG,W, 2-1 , -110,U,5.5
Boston,Oct 5 2019,@ Arizona,REG,W, 1-0 , -145,U,5.5
Boston,Oct 8 2019,@ Vegas,REG,W, 4-3 , +115,O,5.5
Boston,Oct 10 2019,@ Colorado,REG,L, 4-2 , -105,O,5.5
Boston,Oct 12 2019,vs New Jersey,REG,W, 3-0 , -220,U,6
Boston,Oct 14 2019,vs Anaheim,REG,W, 4-2 , -225,O,5.5
Boston,Oct 17 2019,vs Tampa Bay,REG,L, 4-3 , -115,O,6
Boston,Oct 19 2019,@ Toronto,REG,L, 4-3 , -105,O,6.5
Boston,Oct 22 2019,vs Toronto,REG,W, 4-2 , -190,U,6.5
Boston,Oct 26 2019,vs St. Louis,REG,W, 3-0 , -170,U,5.5
Boston,Oct 27 2019,@ NY Rangers,REG,W, 7-4 , -160,O,6
Boston,Oct 29 2019,vs San Jose,REG,W, 5-1 , -220,P,6
Boston,Nov 2 2019,vs Ottawa,REG,W, 5-2 , -400,O,6
Boston,Nov 4 2019,vs Pittsburgh,REG,W, 6-4 , -160,O,6
Boston,Nov 5 2019,@ Montreal,REG,L, 5-4 , -115,O,6
Boston,Nov 8 2019,@ Detroit,REG,L, 4-2 , -250,P,6
Boston,Nov 10 2019,vs Philadelphia,REG,L, 3-2 , -200,U,6
Boston,Nov 12 2019,vs Florida,REG,L, 5-4 , -160,O,6.5
Boston,Nov 15 2019,@ Toronto,REG,W, 4-2 , -105,U,6.5
Boston,Nov 16 2019,vs Washington,REG,L, 3-2 , -115,U,6.5
Boston,Nov 19 2019,@ New Jersey,REG,W, 5-1 , -145,O,5.5
Boston,Nov 21 2019,vs Buffalo,REG,W, 3-2 , -250,U,5.5
Boston,Nov 23 2019,vs Minnesota,REG,W, 5-4 , -220,O,5.5
Boston,Nov 26 2019,@ Montreal,REG,W, 8-1 , -115,O,6
Boston,Nov 27 2019,@ Ottawa,REG,W, 2-1 , -150,U,5.5
Boston,Nov 29 2019,vs NY Rangers,REG,W, 3-2 , -220,U,6.5
Boston,Dec 1 2019,vs Montreal,REG,W, 3-1 , -190,U,6
Boston,Dec 3 2019,vs Carolina,REG,W, 2-0 , -150,U,6
Boston,Dec 5 2019,vs Chicago,REG,L, 4-3 , -230,O,6
Boston,Dec 7 2019,vs Colorado,REG,L, 4-1 , -150,U,5.5
Boston,Dec 9 2019,@ Ottawa,REG,L, 5-2 , -180,O,6
Boston,Dec 11 2019,@ Washington,REG,L, 3-2 , +110,U,6
Boston,Dec 12 2019,@ Tampa Bay,REG,L, 3-2 , +115,U,6
Boston,Dec 14 2019,@ Florida,REG,W, 4-2 , -120,P,6
Boston,Dec 17 2019,vs Los Angeles,REG,L, 4-3 , -270,O,5.5
Boston,Dec 19 2019,vs NY Islanders,REG,L, 3-2 , -190,U,5.5
Boston,Dec 21 2019,vs Nashville,REG,L, 4-3 , -155,O,6
Boston,Dec 23 2019,vs Washington,REG,W, 7-3 , -125,O,6
Boston,Dec 27 2019,@ Buffalo,REG,W, 3-0 , -145,U,5.5
Boston,Dec 29 2019,vs Buffalo,REG,W, 3-2 , -230,U,5.5
Boston,Dec 31 2019,@ New Jersey,REG,L, 3-2 , -180,U,5.5
Boston,Jan 2 2020,vs Columbus,REG,L, 2-1 , -225,U,5.5
Boston,Jan 4 2020,vs Edmonton,REG,L, 4-1 , -230,U,6
Boston,Jan 7 2020,@ Nashville,REG,W, 6-2 , -120,O,6
Boston,Jan 9 2020,vs Winnipeg,REG,W, 5-4 , -245,O,6
Boston,Jan 11 2020,@ NY Islanders,REG,W, 3-2 , -130,U,5.5
Boston,Jan 13 2020,@ Philadelphia,REG,L, 6-5 , -130,O,5.5
Boston,Jan 14 2020,@ Columbus,REG,L, 3-0 , -140,U,5.5
Boston,Jan 16 2020,vs Pittsburgh,REG,W, 4-1 , -125,U,6
Boston,Jan 19 2020,@ Pittsburgh,REG,L, 4-3 , +100,O,6
Boston,Jan 21 2020,vs Vegas,REG,W, 3-2 , -155,U,6
Boston,Jan 31 2020,@ Winnipeg,REG,W, 2-1 , -185,U,6
Boston,Feb 1 2020,@ Minnesota,REG,W, 6-1 , -125,O,5.5
Boston,Feb 4 2020,vs Vancouver,REG,W, 4-0 , -200,U,6
Boston,Feb 5 2020,@ Chicago,REG,W, 2-1 , -150,U,6
Boston,Feb 8 2020,vs Arizona,REG,W, 4-2 , -240,O,5.5
Boston,Feb 9 2020,@ Detroit,REG,L, 3-1 , -360,U,5.5
Boston,Feb 12 2020,vs Montreal,REG,W, 4-1 , -220,U,5.5
Boston,Feb 15 2020,vs Detroit,REG,W, 4-1 , -500,U,5.5
Boston,Feb 16 2020,@ NY Rangers,REG,W, 3-1 , -155,U,6
Boston,Feb 19 2020,@ Edmonton,REG,W, 2-1 , -185,U,6
Boston,Feb 21 2020,@ Calgary,REG,W, 4-3 , -140,O,6
Boston,Feb 22 2020,@ Vancouver,REG,L, 9-3 , -145,O,5.5
Boston,Feb 25 2020,vs Calgary,REG,L, 5-2 , -200,O,6
Boston,Feb 27 2020,vs Dallas,REG,W, 4-3 , -170,O,5
Boston,Feb 29 2020,@ NY Islanders,REG,W, 4-0 , -145,U,5.5
Boston,Mar 3 2020,@ Tampa Bay,REG,W, 2-1 , +100,U,5.5
Boston,Mar 5 2020,@ Florida,REG,W, 2-1 , -150,U,6
Boston,Mar 7 2020,vs Tampa Bay,REG,L, 5-3 , -140,O,5.5
Boston,Mar 10 2020,@ Philadelphia,REG,W, 2-0 , -110,U,5.5

Buffalo,Oct 3 2019,@ Pittsburgh,REG,W, 3-1 , +165,U,6.5
Buffalo,Oct 5 2019,vs New Jersey,REG,W, 7-2 , -120,O,5.5
Buffalo,Oct 7 2019,@ Columbus,REG,L, 4-3 , -105,O,6
Buffalo,Oct 9 2019,vs Montreal,REG,W, 5-4 , -115,O,6
Buffalo,Oct 11 2019,vs Florida,REG,W, 3-2 , +115,U,6.5
Buffalo,Oct 14 2019,vs Dallas,REG,W, 4-0 , -105,U,5.5
Buffalo,Oct 16 2019,@ Anaheim,REG,L, 5-2 , +110,O,5.5
Buffalo,Oct 17 2019,@ Los Angeles,REG,W, 3-0 , +110,U,6
Buffalo,Oct 19 2019,@ San Jose,REG,W, 4-3 , +155,O,6.5
Buffalo,Oct 22 2019,vs San Jose,REG,W, 4-3 , -115,O,6.5
Buffalo,Oct 24 2019,@ NY Rangers,REG,L, 6-2 , -125,O,6.5
Buffalo,Oct 25 2019,@ Detroit,REG,W, 2-0 , -115,U,6
Buffalo,Oct 28 2019,vs Arizona,REG,L, 3-2 , -120,U,5.5
Buffalo,Nov 1 2019,@ Washington,REG,L, 6-1 , +165,O,6.5
Buffalo,Nov 2 2019,vs NY Islanders,REG,L, 1-0 , -120,U,5.5
Buffalo,Nov 8 2019,vs Tampa Bay,REG,L, 3-2 , +150,U,6.5
Buffalo,Nov 9 2019,@ Tampa Bay,REG,L, 5-3 , +145,O,6.5
Buffalo,Nov 14 2019,vs Carolina,REG,L, 5-4 , +115,O,6
Buffalo,Nov 16 2019,vs Ottawa,REG,W, 4-2 , -200,U,6.5
Buffalo,Nov 17 2019,@ Chicago,REG,L, 4-1 , +110,U,6.5
Buffalo,Nov 19 2019,vs Minnesota,REG,L, 4-1 , -110,U,5.5
Buffalo,Nov 21 2019,@ Boston,REG,L, 3-2 , +210,U,5.5
Buffalo,Nov 24 2019,@ Florida,REG,W, 5-2 , +120,O,6.5
Buffalo,Nov 25 2019,@ Tampa Bay,REG,L, 5-2 , +200,O,6.5
Buffalo,Nov 27 2019,vs Calgary,REG,L, 3-2 , +105,U,5.5
Buffalo,Nov 29 2019,vs Toronto,REG,W, 6-4 , +130,O,6.5
Buffalo,Nov 30 2019,@ Toronto,REG,L, 2-1 , +210,U,6.5
Buffalo,Dec 2 2019,vs New Jersey,REG,W, 7-1 , -125,O,6
Buffalo,Dec 5 2019,@ Calgary,REG,L, 4-3 , +140,O,5.5
Buffalo,Dec 7 2019,@ Vancouver,REG,L, 6-5 , +130,O,6
Buffalo,Dec 8 2019,@ Edmonton,REG,W, 3-2 , +160,U,6
Buffalo,Dec 10 2019,vs St. Louis,REG,W, 5-2 , +110,O,5.5
Buffalo,Dec 12 2019,vs Nashville,REG,W, 4-3 , +125,O,6
Buffalo,Dec 14 2019,@ NY Islanders,REG,L, 3-2 , +145,U,5.5
Buffalo,Dec 17 2019,@ Toronto,REG,L, 5-3 , +170,O,6.5
Buffalo,Dec 19 2019,@ Philadelphia,REG,L, 6-1 , +120,O,6
Buffalo,Dec 21 2019,vs Los Angeles,REG,W, 3-2 , -145,U,6
Buffalo,Dec 23 2019,@ Ottawa,REG,L, 3-1 , -120,U,6.5
Buffalo,Dec 27 2019,vs Boston,REG,L, 3-0 , +125,U,5.5
Buffalo,Dec 29 2019,@ Boston,REG,L, 3-2 , +190,U,5.5
Buffalo,Dec 31 2019,vs Tampa Bay,REG,L, 6-4 , +145,O,6.5
Buffalo,Jan 2 2020,vs Edmonton,REG,W, 3-2 , -125,U,6
Buffalo,Jan 4 2020,vs Florida,REG,W, 3-2 , +105,U,6.5
Buffalo,Jan 9 2020,@ St. Louis,REG,L, 5-1 , +175,O,5.5
Buffalo,Jan 11 2020,vs Vancouver,REG,L, 6-3 , -110,O,6
Buffalo,Jan 12 2020,@ Detroit,REG,W, 5-1 , -125,O,5.5
Buffalo,Jan 14 2020,vs Vegas,REG,W, 4-2 , +150,P,6
Buffalo,Jan 16 2020,@ Dallas,REG,W, 4-1 , +175,P,5
Buffalo,Jan 18 2020,@ Nashville,REG,L, 2-1 , +165,U,6
Buffalo,Jan 28 2020,vs Ottawa,REG,L, 5-2 , -200,O,6
Buffalo,Jan 30 2020,vs Montreal,REG,L, 3-1 , +100,U,6
Buffalo,Feb 1 2020,vs Columbus,REG,W, 2-1 , -105,U,5.5
Buffalo,Feb 4 2020,vs Colorado,REG,L, 6-1 , +155,O,6
Buffalo,Feb 6 2020,vs Detroit,REG,L, 4-3 , -220,O,5.5
Buffalo,Feb 7 2020,@ NY Rangers,REG,W, 3-2 , +145,U,6.5
Buffalo,Feb 9 2020,vs Anaheim,REG,L, 3-2 , -120,U,5.5
Buffalo,Feb 11 2020,vs Detroit,REG,W, 3-2 , -200,U,5.5
Buffalo,Feb 13 2020,vs Columbus,REG,W, 4-3 , -110,O,5.5
Buffalo,Feb 16 2020,vs Toronto,REG,W, 5-2 , +125,O,6.5
Buffalo,Feb 18 2020,@ Ottawa,REG,L, 7-4 , -120,O,6
Buffalo,Feb 22 2020,@ Pittsburgh,REG,W, 5-2 , +190,O,6
Buffalo,Feb 23 2020,vs Winnipeg,REG,W, 2-1 , -110,U,6
Buffalo,Feb 26 2020,@ Colorado,REG,L, 3-2 , +170,U,6
Buffalo,Feb 28 2020,@ Vegas,REG,L, 4-2 , +220,P,6
Buffalo,Feb 29 2020,@ Arizona,REG,L, 5-2 , +165,O,5.5
Buffalo,Mar 3 2020,@ Winnipeg,REG,L, 3-1 , +140,U,5.5
Buffalo,Mar 5 2020,vs Pittsburgh,REG,L, 4-2 , +150,P,6
Buffalo,Mar 7 2020,@ Philadelphia,REG,L, 3-1 , +180,U,5.5
Buffalo,Mar 9 2020,vs Washington,REG,W, 3-2 , +135,U,6.5

Calgary,Oct 3 2019,@ Colorado,REG,L, 5-3 , +110,O,6.5
Calgary,Oct 5 2019,vs Vancouver,REG,W, 3-0 , -200,U,6
Calgary,Oct 8 2019,vs Los Angeles,REG,L, 4-3 , -235,O,5.5
Calgary,Oct 10 2019,@ Dallas,REG,W, 3-2 , -105,U,5.5
Calgary,Oct 12 2019,@ Vegas,REG,L, 6-2 , +135,O,6
Calgary,Oct 13 2019,@ San Jose,REG,L, 3-1 , +110,U,6.5
Calgary,Oct 15 2019,vs Philadelphia,REG,W, 3-1 , -145,U,6.5
Calgary,Oct 17 2019,vs Detroit,REG,W, 5-1 , -240,P,6
Calgary,Oct 19 2019,@ Los Angeles,REG,L, 4-1 , -155,U,6
Calgary,Oct 20 2019,@ Anaheim,REG,W, 2-1 , +120,U,5.5
Calgary,Oct 22 2019,vs Washington,REG,L, 5-3 , -120,O,6
Calgary,Oct 24 2019,vs Florida,REG,W, 6-5 , -140,O,6
Calgary,Oct 26 2019,@ Winnipeg,REG,L, 2-1 , -135,U,6
Calgary,Oct 29 2019,@ Carolina,REG,L, 2-1 , +130,U,6
Calgary,Oct 31 2019,@ Nashville,REG,W, 6-5 , +135,O,6
Calgary,Nov 2 2019,@ Columbus,REG,W, 3-0 , -135,U,6
Calgary,Nov 3 2019,@ Washington,REG,L, 4-2 , +150,U,6.5
Calgary,Nov 5 2019,vs Arizona,REG,W, 4-3 , -165,O,5.5
Calgary,Nov 7 2019,vs New Jersey,REG,W, 5-2 , -155,O,6.5
Calgary,Nov 9 2019,vs St. Louis,REG,L, 3-2 , -155,U,5.5
Calgary,Nov 13 2019,vs Dallas,REG,L, 3-1 , -140,U,5.5
Calgary,Nov 16 2019,@ Arizona,REG,L, 3-0 , -105,U,5.5
Calgary,Nov 17 2019,@ Vegas,REG,L, 6-0 , +140,P,6
Calgary,Nov 19 2019,vs Colorado,REG,L, 3-2 , -125,U,6
Calgary,Nov 21 2019,@ St. Louis,REG,L, 5-0 , +120,U,5.5
Calgary,Nov 23 2019,@ Philadelphia,REG,W, 3-2 , +105,U,6
Calgary,Nov 25 2019,@ Pittsburgh,REG,L, 3-2 , +130,U,6
Calgary,Nov 27 2019,@ Buffalo,REG,W, 3-2 , -125,U,5.5
Calgary,Nov 30 2019,vs Ottawa,REG,W, 3-1 , -245,U,6
Calgary,Dec 5 2019,vs Buffalo,REG,W, 4-3 , -160,O,5.5
Calgary,Dec 7 2019,vs Los Angeles,REG,W, 4-3 , -210,O,5.5
Calgary,Dec 9 2019,@ Colorado,REG,W, 5-4 , +120,O,6
Calgary,Dec 10 2019,@ Arizona,REG,W, 5-2 , +115,O,5.5
Calgary,Dec 12 2019,vs Toronto,REG,W, 4-2 , +105,P,6
Calgary,Dec 14 2019,vs Carolina,REG,L, 4-0 , +100,U,5.5
Calgary,Dec 17 2019,vs Pittsburgh,REG,L, 4-1 , -115,U,6
Calgary,Dec 19 2019,vs Montreal,REG,L, 4-3 , -135,O,5.5
Calgary,Dec 22 2019,@ Dallas,REG,W, 5-1 , +125,O,5.5
Calgary,Dec 23 2019,@ Minnesota,REG,L, 3-0 , +110,U,5.5
Calgary,Dec 27 2019,@ Edmonton,REG,W, 5-1 , -115,P,6
Calgary,Dec 29 2019,vs Vancouver,REG,L, 5-2 , -200,O,6
Calgary,Dec 31 2019,vs Chicago,REG,L, 5-3 , -180,O,6
Calgary,Jan 2 2020,vs NY Rangers,REG,W, 4-3 , -165,O,6.5
Calgary,Jan 5 2020,@ Minnesota,REG,W, 5-4 , -115,O,6
Calgary,Jan 7 2020,@ Chicago,REG,W, 2-1 , -135,U,6.5
Calgary,Jan 9 2020,vs Minnesota,REG,W, 2-1 , -150,U,6
Calgary,Jan 11 2020,vs Edmonton,REG,W, 4-3 , -145,O,6
Calgary,Jan 13 2020,@ Montreal,REG,L, 2-0 , -110,U,6
Calgary,Jan 16 2020,@ Toronto,REG,W, 2-1 , +125,U,6.5
Calgary,Jan 18 2020,@ Ottawa,REG,L, 5-2 , -165,O,6
Calgary,Jan 28 2020,vs St. Louis,REG,L, 5-4 , -120,O,5.5
Calgary,Jan 29 2020,@ Edmonton,REG,W, 4-3 , +100,O,6
Calgary,Feb 1 2020,vs Edmonton,REG,L, 8-3 , -165,O,6.5
Calgary,Feb 4 2020,vs San Jose,REG,L, 3-1 , -180,U,6
Calgary,Feb 6 2020,vs Nashville,REG,L, 3-2 , -110,U,6
Calgary,Feb 8 2020,@ Vancouver,REG,W, 6-2 , +115,O,6
Calgary,Feb 10 2020,@ San Jose,REG,W, 6-2 , -120,O,6
Calgary,Feb 12 2020,@ Los Angeles,REG,L, 5-3 , -130,O,5.5
Calgary,Feb 13 2020,@ Anaheim,REG,W, 6-0 , -110,O,5.5
Calgary,Feb 15 2020,vs Chicago,REG,L, 8-4 , -135,O,6.5
Calgary,Feb 17 2020,vs Anaheim,REG,W, 6-4 , -185,O,6
Calgary,Feb 21 2020,vs Boston,REG,L, 4-3 , +120,O,6
Calgary,Feb 23 2020,@ Detroit,REG,W, 4-2 , -225,P,6
Calgary,Feb 25 2020,@ Boston,REG,W, 5-2 , +170,O,6
Calgary,Feb 27 2020,@ Nashville,REG,L, 4-3 , +105,O,6
Calgary,Feb 29 2020,@ Tampa Bay,REG,L, 4-3 , +155,O,6.5
Calgary,Mar 1 2020,@ Florida,REG,W, 3-0 , -110,U,6.5
Calgary,Mar 4 2020,vs Columbus,REG,W, 3-2 , -180,U,5.5
Calgary,Mar 6 2020,vs Arizona,REG,W, 3-2 , -145,U,5.5
Calgary,Mar 8 2020,vs Vegas,REG,L, 5-3 , -110,O,6

Carolina,Oct 3 2019,vs Montreal,REG,W, 4-3 , -160,O,6
Carolina,Oct 5 2019,@ Washington,REG,W, 3-2 , +100,U,6
Carolina,Oct 6 2019,vs Tampa Bay,REG,W, 4-3 , +100,O,6.5
Carolina,Oct 8 2019,@ Florida,REG,W, 6-3 , +105,O,6.5
Carolina,Oct 11 2019,vs NY Islanders,REG,W, 5-2 , -175,O,5.5
Carolina,Oct 12 2019,vs Columbus,REG,L, 3-2 , -220,U,6
Carolina,Oct 15 2019,@ Los Angeles,REG,W, 2-0 , -165,U,6.5
Carolina,Oct 16 2019,@ San Jose,REG,L, 5-2 , +120,O,6.5
Carolina,Oct 18 2019,@ Anaheim,REG,L, 4-2 , -125,O,5.5
Carolina,Oct 24 2019,@ Columbus,REG,L, 4-3 , -125,O,6
Carolina,Oct 26 2019,vs Chicago,REG,W, 4-0 , -200,U,6.5
Carolina,Oct 29 2019,vs Calgary,REG,W, 2-1 , -150,U,6
Carolina,Nov 1 2019,vs Detroit,REG,W, 7-3 , -270,O,6
Carolina,Nov 2 2019,vs New Jersey,REG,L, 5-3 , -200,O,6.5
Carolina,Nov 5 2019,@ Philadelphia,REG,L, 4-1 , -110,U,6.5
Carolina,Nov 7 2019,vs NY Rangers,REG,L, 4-2 , -270,U,6.5
Carolina,Nov 9 2019,@ Ottawa,REG,L, 4-1 , -170,U,6.5
Carolina,Nov 11 2019,vs Ottawa,REG,W, 8-2 , -240,O,6
Carolina,Nov 14 2019,@ Buffalo,REG,W, 5-4 , -135,O,6
Carolina,Nov 16 2019,@ Minnesota,REG,W, 4-3 , -120,O,6
Carolina,Nov 19 2019,@ Chicago,REG,W, 4-2 , -125,U,6.5
Carolina,Nov 21 2019,vs Philadelphia,REG,L, 5-3 , -150,O,6
Carolina,Nov 23 2019,vs Florida,REG,W, 4-2 , -150,U,6.5
Carolina,Nov 24 2019,@ Detroit,REG,W, 2-0 , -180,U,6
Carolina,Nov 27 2019,@ NY Rangers,REG,L, 3-2 , -155,U,6.5
Carolina,Nov 29 2019,vs Nashville,REG,L, 3-0 , -130,U,6.5
Carolina,Nov 30 2019,@ Tampa Bay,REG,W, 3-2 , +125,U,6.5
Carolina,Dec 3 2019,@ Boston,REG,L, 2-0 , +130,U,6
Carolina,Dec 5 2019,vs San Jose,REG,W, 3-2 , -160,U,6
Carolina,Dec 7 2019,vs Minnesota,REG,W, 6-2 , -155,O,5.5
Carolina,Dec 10 2019,@ Edmonton,REG,W, 6-3 , -120,O,6
Carolina,Dec 12 2019,@ Vancouver,REG,L, 1-0 , -120,U,6
Carolina,Dec 14 2019,@ Calgary,REG,W, 4-0 , -120,U,5.5
Carolina,Dec 17 2019,@ Winnipeg,REG,W, 6-3 , -120,O,6
Carolina,Dec 19 2019,@ Colorado,REG,W, 3-1 , +100,U,6
Carolina,Dec 21 2019,vs Florida,REG,L, 4-2 , -190,U,6.5
Carolina,Dec 23 2019,@ Toronto,REG,L, 8-6 , +110,O,6.5
Carolina,Dec 27 2019,@ NY Rangers,REG,L, 5-3 , -150,O,6
Carolina,Dec 28 2019,vs Washington,REG,W, 6-4 , -120,O,6
Carolina,Dec 31 2019,vs Montreal,REG,W, 3-1 , -175,U,6.5
Carolina,Jan 3 2020,vs Washington,REG,L, 4-3 , -115,O,6.5
Carolina,Jan 5 2020,vs Tampa Bay,REG,L, 3-1 , -130,U,6.5
Carolina,Jan 7 2020,vs Philadelphia,REG,W, 5-4 , -165,O,6.5
Carolina,Jan 10 2020,vs Arizona,REG,W, 3-0 , -175,U,5.5
Carolina,Jan 11 2020,vs Los Angeles,REG,W, 2-0 , -210,U,6
Carolina,Jan 13 2020,@ Washington,REG,L, 2-0 , +120,U,6.5
Carolina,Jan 16 2020,@ Columbus,REG,L, 3-2 , -135,U,5.5
Carolina,Jan 17 2020,vs Anaheim,REG,L, 2-1 , -210,U,5.5
Carolina,Jan 19 2020,vs NY Islanders,REG,W, 2-1 , -180,U,5.5
Carolina,Jan 21 2020,vs Winnipeg,REG,W, 4-1 , -170,U,6
Carolina,Jan 31 2020,vs Vegas,REG,L, 4-3 , -140,O,6
Carolina,Feb 2 2020,vs Vancouver,REG,W, 4-3 , -190,O,6
Carolina,Feb 4 2020,@ St. Louis,REG,L, 6-3 , +115,O,5.5
Carolina,Feb 6 2020,@ Arizona,REG,W, 5-3 , -115,O,5.5
Carolina,Feb 8 2020,@ Vegas,REG,W, 6-5 , +125,O,6
Carolina,Feb 11 2020,@ Dallas,REG,L, 4-1 , +100,U,5.5
Carolina,Feb 14 2020,vs New Jersey,REG,W, 5-2 , -280,O,6
Carolina,Feb 16 2020,vs Edmonton,REG,L, 4-3 , -220,O,6
Carolina,Feb 18 2020,@ Nashville,REG,W, 4-1 , +105,U,6
Carolina,Feb 21 2020,vs NY Rangers,REG,L, 5-2 , -155,O,6.5
Carolina,Feb 22 2020,@ Toronto,REG,W, 6-3 , +145,O,6.5
Carolina,Feb 25 2020,vs Dallas,REG,L, 4-1 , -125,U,5.5
Carolina,Feb 28 2020,vs Colorado,REG,L, 3-2 , -110,U,6
Carolina,Feb 29 2020,@ Montreal,REG,L, 4-3 , -105,O,6
Carolina,Mar 5 2020,@ Philadelphia,REG,L, 4-1 , +110,U,6
Carolina,Mar 7 2020,@ NY Islanders,REG,W, 3-2 , +105,U,5.5
Carolina,Mar 8 2020,@ Pittsburgh,REG,W, 6-2 , +155,O,6
Carolina,Mar 10 2020,@ Detroit,REG,W, 5-2 , -260,O,5.5

Chicago,Oct 4 2019,@ Philadelphia,REG,L, 4-3 , +105,O,6.5
Chicago,Oct 10 2019,vs San Jose,REG,L, 5-4 , -105,O,6.5
Chicago,Oct 12 2019,vs Winnipeg,REG,L, 3-2 , -135,U,6.5
Chicago,Oct 14 2019,vs Edmonton,REG,W, 3-1 , -115,U,6.5
Chicago,Oct 18 2019,vs Columbus,REG,W, 3-2 , -140,U,6
Chicago,Oct 20 2019,vs Washington,REG,L, 5-3 , +115,O,6.5
Chicago,Oct 22 2019,vs Vegas,REG,L, 2-1 , +100,U,6.5
Chicago,Oct 24 2019,vs Philadelphia,REG,L, 4-1 , -110,U,6.5
Chicago,Oct 26 2019,@ Carolina,REG,L, 4-0 , +170,U,6.5
Chicago,Oct 27 2019,vs Los Angeles,REG,W, 5-1 , -135,P,6
Chicago,Oct 29 2019,@ Nashville,REG,L, 3-0 , +170,U,6
Chicago,Nov 2 2019,@ Los Angeles,REG,L, 4-3 , +115,O,6
Chicago,Nov 3 2019,@ Anaheim,REG,W, 3-2 , +125,U,5.5
Chicago,Nov 5 2019,@ San Jose,REG,L, 4-2 , +135,U,6.5
Chicago,Nov 7 2019,vs Vancouver,REG,W, 5-2 , +120,O,6
Chicago,Nov 9 2019,@ Pittsburgh,REG,L, 3-2 , +180,U,6.5
Chicago,Nov 10 2019,vs Toronto,REG,W, 5-4 , -105,O,6.5
Chicago,Nov 13 2019,@ Vegas,REG,W, 5-3 , +205,O,6.5
Chicago,Nov 16 2019,@ Nashville,REG,W, 7-2 , +170,O,6.5
Chicago,Nov 17 2019,vs Buffalo,REG,W, 4-1 , -130,U,6.5
Chicago,Nov 19 2019,vs Carolina,REG,L, 4-2 , +105,U,6.5
Chicago,Nov 21 2019,vs Tampa Bay,REG,L, 4-2 , +110,U,6.5
Chicago,Nov 23 2019,@ Dallas,REG,L, 2-1 , +160,U,5.5
Chicago,Nov 26 2019,vs Dallas,REG,W, 3-0 , -110,U,5.5
Chicago,Nov 29 2019,vs Colorado,REG,L, 5-2 , -120,O,6
Chicago,Nov 30 2019,@ Colorado,REG,L, 7-3 , +140,O,6
Chicago,Dec 2 2019,vs St. Louis,REG,L, 4-0 , +110,U,6
Chicago,Dec 5 2019,@ Boston,REG,W, 4-3 , +190,O,6
Chicago,Dec 6 2019,@ New Jersey,REG,W, 2-1 , +115,U,6.5
Chicago,Dec 8 2019,vs Arizona,REG,L, 4-3 , -110,O,5.5
Chicago,Dec 10 2019,@ Vegas,REG,L, 5-1 , +180,U,6.5
Chicago,Dec 12 2019,@ Arizona,REG,L, 5-2 , +135,O,5.5
Chicago,Dec 14 2019,@ St. Louis,REG,L, 4-3 , +170,O,6
Chicago,Dec 15 2019,vs Minnesota,REG,W, 5-3 , -110,O,5.5
Chicago,Dec 18 2019,vs Colorado,REG,L, 4-1 , +125,U,6.5
Chicago,Dec 19 2019,@ Winnipeg,REG,W, 4-1 , +140,U,6.5
Chicago,Dec 21 2019,@ Colorado,REG,W, 5-3 , +180,O,6.5
Chicago,Dec 23 2019,vs New Jersey,REG,L, 7-1 , -155,O,6
Chicago,Dec 27 2019,vs NY Islanders,REG,W, 5-2 , +120,O,5.5
Chicago,Dec 29 2019,@ Columbus,REG,W, 3-2 , +135,U,6
Chicago,Dec 31 2019,@ Calgary,REG,W, 5-3 , +160,O,6
Chicago,Jan 2 2020,@ Vancouver,REG,L, 7-5 , +135,O,6
Chicago,Jan 5 2020,vs Detroit,REG,W, 4-2 , -210,U,6.5
Chicago,Jan 7 2020,vs Calgary,REG,L, 2-1 , +115,U,6.5
Chicago,Jan 9 2020,vs Nashville,REG,L, 5-2 , +120,O,6.5
Chicago,Jan 11 2020,vs Anaheim,REG,W, 4-2 , -130,O,5.5
Chicago,Jan 14 2020,@ Ottawa,REG,W, 3-2 , -110,U,6
Chicago,Jan 15 2020,@ Montreal,REG,W, 4-1 , +150,U,6
Chicago,Jan 18 2020,@ Toronto,REG,W, 6-2 , +170,O,6.5
Chicago,Jan 19 2020,vs Winnipeg,REG,W, 5-2 , -110,O,6
Chicago,Jan 21 2020,vs Florida,REG,L, 4-3 , -115,O,6.5
Chicago,Feb 1 2020,@ Arizona,REG,W, 3-2 , +120,U,6
Chicago,Feb 4 2020,@ Minnesota,REG,L, 3-2 , +110,U,6
Chicago,Feb 5 2020,vs Boston,REG,L, 2-1 , +130,U,6
Chicago,Feb 9 2020,@ Winnipeg,REG,L, 5-2 , +100,O,6.5
Chicago,Feb 11 2020,@ Edmonton,REG,L, 5-3 , -105,O,6
Chicago,Feb 12 2020,@ Vancouver,REG,L, 3-0 , +130,U,6.5
Chicago,Feb 15 2020,@ Calgary,REG,W, 8-4 , +115,O,6.5
Chicago,Feb 16 2020,@ Winnipeg,REG,L, 3-2 , +125,U,6.5
Chicago,Feb 19 2020,vs NY Rangers,REG,L, 6-3 , -130,O,6.5
Chicago,Feb 21 2020,vs Nashville,REG,W, 2-1 , +105,U,6.5
Chicago,Feb 23 2020,@ Dallas,REG,L, 2-1 , +170,U,5.5
Chicago,Feb 25 2020,@ St. Louis,REG,L, 6-5 , +170,O,6
Chicago,Feb 27 2020,@ Tampa Bay,REG,W, 5-2 , +190,O,6.5
Chicago,Feb 29 2020,@ Florida,REG,W, 3-2 , +135,U,6.5
Chicago,Mar 3 2020,vs Anaheim,REG,W, 6-2 , -180,O,6
Chicago,Mar 5 2020,vs Edmonton,REG,W, 4-3 , -110,O,6.5
Chicago,Mar 6 2020,@ Detroit,REG,L, 2-1 , -200,U,6
Chicago,Mar 8 2020,vs St. Louis,REG,L, 2-0 , +120,U,6
Chicago,Mar 11 2020,vs San Jose,REG,W, 6-2 , -165,O,6

Colorado,Oct 3 2019,vs Calgary,REG,W, 5-3 , -130,O,6.5
Colorado,Oct 5 2019,vs Minnesota,REG,W, 4-2 , -160,P,6
Colorado,Oct 10 2019,vs Boston,REG,W, 4-2 , -115,O,5.5
Colorado,Oct 12 2019,vs Arizona,REG,W, 3-2 , -150,U,6
Colorado,Oct 14 2019,@ Washington,REG,W, 6-3 , +120,O,6
Colorado,Oct 16 2019,@ Pittsburgh,REG,L, 3-2 , -110,U,6.5
Colorado,Oct 18 2019,@ Florida,REG,W, 5-4 , +110,O,6.5
Colorado,Oct 19 2019,@ Tampa Bay,REG,W, 6-2 , +175,O,6.5
Colorado,Oct 21 2019,@ St. Louis,REG,L, 3-1 , +120,U,6
Colorado,Oct 25 2019,@ Vegas,REG,W, 6-1 , +145,O,6.5
Colorado,Oct 26 2019,vs Anaheim,REG,L, 5-2 , -155,O,5.5
Colorado,Oct 30 2019,vs Florida,REG,L, 4-3 , -140,O,6.5
Colorado,Nov 1 2019,vs Dallas,REG,L, 2-1 , -145,U,5.5
Colorado,Nov 2 2019,@ Arizona,REG,L, 3-0 , +125,U,5.5
Colorado,Nov 5 2019,@ Dallas,REG,L, 4-1 , +120,U,5.5
Colorado,Nov 7 2019,vs Nashville,REG,W, 9-4 , +115,O,6
Colorado,Nov 9 2019,vs Columbus,REG,W, 4-2 , -140,P,6
Colorado,Nov 12 2019,@ Winnipeg,REG,W, 4-0 , -105,U,6.5
Colorado,Nov 14 2019,@ Edmonton,REG,L, 6-2 , +115,O,6
Colorado,Nov 16 2019,@ Vancouver,REG,W, 5-4 , +130,O,6.5
Colorado,Nov 19 2019,@ Calgary,REG,W, 3-2 , +105,U,6
Colorado,Nov 21 2019,@ Minnesota,REG,L, 3-2 , -105,U,6
Colorado,Nov 23 2019,vs Toronto,REG,L, 5-3 , +100,O,6.5
Colorado,Nov 27 2019,vs Edmonton,REG,W, 4-1 , -130,U,6.5
Colorado,Nov 29 2019,@ Chicago,REG,W, 5-2 , +100,O,6
Colorado,Nov 30 2019,vs Chicago,REG,W, 7-3 , -160,O,6
Colorado,Dec 4 2019,@ Toronto,REG,W, 3-1 , +105,U,6.5
Colorado,Dec 5 2019,@ Montreal,REG,W, 3-2 , -110,U,6.5
Colorado,Dec 7 2019,@ Boston,REG,W, 4-1 , +130,U,5.5
Colorado,Dec 9 2019,vs Calgary,REG,L, 5-4 , -140,O,6
Colorado,Dec 11 2019,vs Philadelphia,REG,W, 3-1 , -160,U,6
Colorado,Dec 13 2019,vs New Jersey,REG,W, 3-1 , -250,U,6.5
Colorado,Dec 16 2019,@ St. Louis,REG,L, 5-2 , +100,O,5.5
Colorado,Dec 18 2019,@ Chicago,REG,W, 4-1 , -145,U,6.5
Colorado,Dec 19 2019,vs Carolina,REG,L, 3-1 , -120,U,6
Colorado,Dec 21 2019,vs Chicago,REG,L, 5-3 , -220,O,6.5
Colorado,Dec 23 2019,@ Vegas,REG,W, 7-3 , +115,O,6
Colorado,Dec 27 2019,vs Minnesota,REG,L, 6-4 , -200,O,6
Colorado,Dec 28 2019,@ Dallas,REG,L, 3-2 , +100,U,5.5
Colorado,Dec 31 2019,vs Winnipeg,REG,L, 7-4 , -210,O,6.5
Colorado,Jan 2 2020,vs St. Louis,REG,W, 7-3 , -135,O,6
Colorado,Jan 4 2020,@ New Jersey,REG,W, 5-2 , -200,O,6.5
Colorado,Jan 6 2020,@ NY Islanders,REG,L, 1-0 , -125,U,5.5
Colorado,Jan 7 2020,@ NY Rangers,REG,L, 5-3 , -145,O,6.5
Colorado,Jan 10 2020,vs Pittsburgh,REG,L, 4-3 , -165,O,6.5
Colorado,Jan 14 2020,vs Dallas,REG,L, 3-2 , -145,U,5.5
Colorado,Jan 16 2020,vs San Jose,REG,W, 4-0 , -230,U,6.5
Colorado,Jan 18 2020,vs St. Louis,REG,W, 5-3 , -135,O,6
Colorado,Jan 20 2020,vs Detroit,REG,W, 6-3 , -420,O,6.5
Colorado,Feb 1 2020,@ Philadelphia,REG,L, 6-3 , -150,O,6
Colorado,Feb 4 2020,@ Buffalo,REG,W, 6-1 , -175,O,6
Colorado,Feb 6 2020,@ Ottawa,REG,W, 4-1 , -210,U,6.5
Colorado,Feb 8 2020,@ Columbus,REG,W, 2-1 , -145,U,5.5
Colorado,Feb 9 2020,@ Minnesota,REG,W, 3-2 , -130,U,6.5
Colorado,Feb 11 2020,vs Ottawa,REG,W, 3-0 , -300,U,6.5
Colorado,Feb 13 2020,vs Washington,REG,L, 3-2 , -135,U,6.5
Colorado,Feb 15 2020,vs Los Angeles,REG,L, 3-1 , -275,U,6
Colorado,Feb 17 2020,vs Tampa Bay,REG,L, 4-3 , +100,O,6.5
Colorado,Feb 19 2020,vs NY Islanders,REG,W, 3-1 , -155,U,5.5
Colorado,Feb 21 2020,@ Anaheim,REG,W, 1-0 , -165,U,5.5
Colorado,Feb 22 2020,@ Los Angeles,REG,W, 2-1 , -150,U,5.5
Colorado,Feb 26 2020,vs Buffalo,REG,W, 3-2 , -200,U,6
Colorado,Feb 28 2020,@ Carolina,REG,W, 3-2 , -110,U,6
Colorado,Feb 29 2020,@ Nashville,REG,W, 3-2 , +115,U,5.5
Colorado,Mar 2 2020,@ Detroit,REG,W, 2-1 , -330,U,5.5
Colorado,Mar 4 2020,vs Anaheim,REG,L, 4-3 , -350,O,5.5
Colorado,Mar 6 2020,@ Vancouver,REG,L, 6-3 , -120,O,5.5
Colorado,Mar 8 2020,@ San Jose,REG,W, 4-3 , -160,O,5.5
Colorado,Mar 9 2020,@ Los Angeles,REG,L, 3-1 , -145,U,5.5
Colorado,Mar 11 2020,vs NY Rangers,REG,W, 3-2 , -150,U,6

Columbus,Oct 4 2019,vs Toronto,REG,L, 4-1 , +140,U,6.5
Columbus,Oct 5 2019,@ Pittsburgh,REG,L, 7-2 , +160,O,6.5
Columbus,Oct 7 2019,vs Buffalo,REG,W, 4-3 , -115,O,6
Columbus,Oct 11 2019,vs Anaheim,REG,L, 2-1 , -140,U,5.5
Columbus,Oct 12 2019,@ Carolina,REG,W, 3-2 , +180,U,6
Columbus,Oct 16 2019,vs Dallas,REG,W, 3-2 , -105,U,5.5
Columbus,Oct 18 2019,@ Chicago,REG,L, 3-2 , +120,U,6
Columbus,Oct 19 2019,vs NY Islanders,REG,L, 3-2 , -115,U,5.5
Columbus,Oct 21 2019,@ Toronto,REG,W, 4-3 , +165,O,6.5
Columbus,Oct 24 2019,vs Carolina,REG,W, 4-3 , +105,O,6
Columbus,Oct 26 2019,@ Philadelphia,REG,L, 7-4 , +135,O,6
Columbus,Oct 30 2019,vs Edmonton,REG,L, 4-1 , -150,U,6
Columbus,Nov 1 2019,@ St. Louis,REG,L, 4-3 , +150,O,5.5
Columbus,Nov 2 2019,vs Calgary,REG,L, 3-0 , +115,U,6
Columbus,Nov 5 2019,vs Vegas,REG,L, 2-1 , +120,U,6.5
Columbus,Nov 7 2019,@ Arizona,REG,W, 3-2 , +125,U,5.5
Columbus,Nov 9 2019,@ Colorado,REG,L, 4-2 , +120,P,6
Columbus,Nov 12 2019,@ Montreal,REG,L, 3-2 , +160,U,6
Columbus,Nov 15 2019,vs St. Louis,REG,W, 3-2 , -105,U,5.5
Columbus,Nov 19 2019,vs Montreal,REG,W, 5-2 , +100,O,6
Columbus,Nov 21 2019,vs Detroit,REG,W, 5-4 , -190,O,6
Columbus,Nov 23 2019,@ Winnipeg,REG,L, 4-3 , +105,O,6
Columbus,Nov 25 2019,vs Ottawa,REG,W, 1-0 , -160,U,6
Columbus,Nov 27 2019,vs Philadelphia,REG,L, 3-2 , -115,U,5.5
Columbus,Nov 29 2019,vs Pittsburgh,REG,W, 5-2 , -105,O,6
Columbus,Nov 30 2019,@ NY Islanders,REG,L, 2-0 , +170,U,5.5
Columbus,Dec 3 2019,vs Arizona,REG,L, 4-2 , -110,O,5
Columbus,Dec 5 2019,vs NY Rangers,REG,L, 3-2 , -140,U,6
Columbus,Dec 7 2019,@ Florida,REG,L, 4-1 , +145,U,6.5
Columbus,Dec 9 2019,@ Washington,REG,W, 5-2 , +190,O,6
Columbus,Dec 12 2019,@ Pittsburgh,REG,L, 1-0 , +135,U,5.5
Columbus,Dec 14 2019,@ Ottawa,REG,L, 4-3 , -110,O,5.5
Columbus,Dec 16 2019,vs Washington,REG,W, 3-0 , +140,U,6
Columbus,Dec 17 2019,@ Detroit,REG,W, 5-3 , -145,O,6
Columbus,Dec 19 2019,vs Los Angeles,REG,W, 3-2 , -145,U,5.5
Columbus,Dec 21 2019,vs New Jersey,REG,W, 5-1 , -200,O,5.5
Columbus,Dec 23 2019,@ NY Islanders,REG,W, 3-2 , +145,P,5
Columbus,Dec 27 2019,@ Washington,REG,L, 2-1 , +180,U,6
Columbus,Dec 29 2019,vs Chicago,REG,L, 3-2 , -155,U,6
Columbus,Dec 31 2019,vs Florida,REG,W, 4-1 , -105,U,6.5
Columbus,Jan 2 2020,@ Boston,REG,W, 2-1 , +185,U,5.5
Columbus,Jan 4 2020,vs San Jose,REG,L, 3-2 , -135,U,5.5
Columbus,Jan 6 2020,@ Los Angeles,REG,W, 4-2 , -105,O,5.5
Columbus,Jan 7 2020,@ Anaheim,REG,W, 4-3 , +105,O,5.5
Columbus,Jan 9 2020,@ San Jose,REG,L, 3-1 , +105,U,5.5
Columbus,Jan 11 2020,@ Vegas,REG,W, 3-0 , +175,U,5.5
Columbus,Jan 14 2020,vs Boston,REG,W, 3-0 , +120,U,5.5
Columbus,Jan 16 2020,vs Carolina,REG,W, 3-2 , +115,U,5.5
Columbus,Jan 18 2020,vs New Jersey,REG,W, 5-0 , -200,U,5.5
Columbus,Jan 19 2020,@ NY Rangers,REG,W, 2-1 , +110,U,6
Columbus,Jan 22 2020,vs Winnipeg,REG,W, 4-3 , -200,O,5.5
Columbus,Feb 1 2020,@ Buffalo,REG,L, 2-1 , -115,U,5.5
Columbus,Feb 2 2020,@ Montreal,REG,W, 4-3 , +115,O,5.5
Columbus,Feb 4 2020,vs Florida,REG,W, 1-0 , -135,U,6
Columbus,Feb 7 2020,vs Detroit,REG,W, 2-0 , -370,U,5.5
Columbus,Feb 8 2020,vs Colorado,REG,L, 2-1 , +125,U,5.5
Columbus,Feb 10 2020,vs Tampa Bay,REG,L, 2-1 , +135,U,5.5
Columbus,Feb 13 2020,@ Buffalo,REG,L, 4-3 , -110,O,5.5
Columbus,Feb 14 2020,vs NY Rangers,REG,L, 3-1 , -145,U,5.5
Columbus,Feb 16 2020,@ New Jersey,REG,L, 4-3 , -130,O,5.5
Columbus,Feb 18 2020,@ Philadelphia,REG,L, 5-1 , +135,O,5.5
Columbus,Feb 20 2020,vs Philadelphia,REG,L, 4-3 , -115,O,5.5
Columbus,Feb 22 2020,@ Nashville,REG,L, 4-3 , +140,O,5.5
Columbus,Feb 24 2020,vs Ottawa,REG,W, 4-3 , -230,O,5.5
Columbus,Feb 25 2020,@ Minnesota,REG,L, 5-4 , +140,O,5.5
Columbus,Feb 28 2020,vs Minnesota,REG,L, 5-0 , -130,U,5.5
Columbus,Mar 1 2020,vs Vancouver,REG,W, 5-3 , -140,O,5.5
Columbus,Mar 4 2020,@ Calgary,REG,L, 3-2 , +160,U,5.5
Columbus,Mar 7 2020,@ Edmonton,REG,L, 4-1 , +145,U,5.5
Columbus,Mar 8 2020,@ Vancouver,REG,W, 2-1 , +130,U,5.5

Dallas,Oct 3 2019,vs Boston,REG,L, 2-1 , -110,U,5.5
Dallas,Oct 5 2019,@ St. Louis,REG,L, 3-2 , +125,U,5.5
Dallas,Oct 6 2019,@ Detroit,REG,L, 4-3 , -165,O,5.5
Dallas,Oct 8 2019,@ Washington,REG,W, 4-3 , +130,O,5.5
Dallas,Oct 10 2019,vs Calgary,REG,L, 3-2 , -115,U,5.5
Dallas,Oct 12 2019,vs Washington,REG,L, 4-1 , -120,U,5.5
Dallas,Oct 14 2019,@ Buffalo,REG,L, 4-0 , -115,U,5.5
Dallas,Oct 16 2019,@ Columbus,REG,L, 3-2 , -115,U,5.5
Dallas,Oct 18 2019,@ Pittsburgh,REG,L, 4-2 , +125,O,5.5
Dallas,Oct 19 2019,@ Philadelphia,REG,W, 4-1 , +135,U,5.5
Dallas,Oct 21 2019,vs Ottawa,REG,W, 2-1 , -220,U,6
Dallas,Oct 24 2019,vs Anaheim,REG,W, 2-1 , -150,U,5
Dallas,Oct 26 2019,vs Pittsburgh,REG,L, 3-0 , -125,U,5.5
Dallas,Oct 29 2019,vs Minnesota,REG,W, 6-3 , -155,O,5
Dallas,Nov 1 2019,@ Colorado,REG,W, 2-1 , +125,U,5.5
Dallas,Nov 2 2019,vs Montreal,REG,W, 4-1 , -120,U,5.5
Dallas,Nov 5 2019,vs Colorado,REG,W, 4-1 , -140,U,5.5
Dallas,Nov 10 2019,@ Winnipeg,REG,L, 3-2 , +100,U,5.5
Dallas,Nov 13 2019,@ Calgary,REG,W, 3-1 , +120,U,5.5
Dallas,Nov 14 2019,@ Vancouver,REG,W, 4-2 , +130,O,5.5
Dallas,Nov 16 2019,@ Edmonton,REG,W, 5-4 , +100,O,5.5
Dallas,Nov 19 2019,vs Vancouver,REG,W, 6-1 , -145,O,5.5
Dallas,Nov 21 2019,vs Winnipeg,REG,W, 5-3 , -160,O,5.5
Dallas,Nov 23 2019,vs Chicago,REG,W, 2-1 , -180,U,5.5
Dallas,Nov 25 2019,vs Vegas,REG,W, 4-2 , -145,O,5.5
Dallas,Nov 26 2019,@ Chicago,REG,L, 3-0 , -110,U,5.5
Dallas,Nov 29 2019,vs St. Louis,REG,L, 3-1 , -155,U,5
Dallas,Dec 1 2019,@ Minnesota,REG,L, 3-2 , -110,P,5
Dallas,Dec 3 2019,@ Winnipeg,REG,L, 5-1 , -110,O,5.5
Dallas,Dec 5 2019,vs Winnipeg,REG,W, 3-2 , -150,U,5.5
Dallas,Dec 7 2019,vs NY Islanders,REG,W, 3-1 , -145,U,5
Dallas,Dec 10 2019,vs New Jersey,REG,W, 2-0 , -200,U,5.5
Dallas,Dec 13 2019,vs Vegas,REG,L, 3-2 , -165,U,5.5
Dallas,Dec 14 2019,@ Nashville,REG,W, 4-1 , +130,U,5.5
Dallas,Dec 16 2019,vs Edmonton,REG,L, 2-1 , -180,U,5.5
Dallas,Dec 19 2019,@ Tampa Bay,REG,W, 4-3 , +145,O,5.5
Dallas,Dec 20 2019,@ Florida,REG,L, 7-4 , +105,O,5.5
Dallas,Dec 22 2019,vs Calgary,REG,L, 5-1 , -145,O,5.5
Dallas,Dec 28 2019,vs Colorado,REG,W, 3-2 , -120,U,5.5
Dallas,Dec 29 2019,@ Arizona,REG,W, 4-2 , -105,O,5
Dallas,Jan 1 2020,vs Nashville,REG,W, 4-2 , -125,O,5.5
Dallas,Jan 3 2020,vs Detroit,REG,W, 4-1 , -330,U,5.5
Dallas,Jan 8 2020,@ Los Angeles,REG,W, 2-1 , -140,U,5
Dallas,Jan 9 2020,@ Anaheim,REG,W, 3-0 , -130,U,5
Dallas,Jan 11 2020,@ San Jose,REG,L, 2-1 , -125,U,5.5
Dallas,Jan 14 2020,@ Colorado,REG,W, 3-2 , +125,U,5.5
Dallas,Jan 16 2020,vs Buffalo,REG,L, 4-1 , -210,P,5
Dallas,Jan 18 2020,@ Minnesota,REG,L, 7-0 , -110,O,5
Dallas,Jan 27 2020,vs Tampa Bay,REG,W, 3-2 , +115,U,5.5
Dallas,Jan 29 2020,vs Toronto,REG,L, 5-3 , -110,O,6
Dallas,Feb 1 2020,@ New Jersey,REG,W, 3-2 , -160,U,5.5
Dallas,Feb 3 2020,@ NY Rangers,REG,W, 5-3 , -135,O,5.5
Dallas,Feb 4 2020,@ NY Islanders,REG,L, 4-3 , +110,O,5
Dallas,Feb 7 2020,vs Minnesota,REG,L, 3-2 , -200,U,5.5
Dallas,Feb 8 2020,@ St. Louis,REG,W, 3-2 , +155,U,5.5
Dallas,Feb 11 2020,vs Carolina,REG,W, 4-1 , -120,U,5.5
Dallas,Feb 13 2020,@ Toronto,REG,W, 3-2 , +125,U,5.5
Dallas,Feb 15 2020,@ Montreal,REG,W, 4-3 , -125,O,5.5
Dallas,Feb 16 2020,@ Ottawa,REG,L, 4-3 , -165,O,5.5
Dallas,Feb 19 2020,vs Arizona,REG,W, 3-2 , -165,P,5
Dallas,Feb 21 2020,vs St. Louis,REG,L, 5-1 , -170,O,5.5
Dallas,Feb 23 2020,vs Chicago,REG,W, 2-1 , -200,U,5.5
Dallas,Feb 25 2020,@ Carolina,REG,W, 4-1 , +105,U,5.5
Dallas,Feb 27 2020,@ Boston,REG,L, 4-3 , +150,O,5
Dallas,Feb 29 2020,@ St. Louis,REG,L, 4-3 , +115,O,5
Dallas,Mar 3 2020,vs Edmonton,REG,L, 2-1 , -160,U,5.5
Dallas,Mar 5 2020,@ Nashville,REG,L, 2-0 , -110,U,5.5
Dallas,Mar 7 2020,vs Nashville,REG,L, 1-0 , -145,U,5
Dallas,Mar 10 2020,vs NY Rangers,REG,L, 4-2 , -165,O,5.5

Detroit,Oct 5 2019,@ Nashville,REG,W, 5-3 , +220,O,5.5
Detroit,Oct 6 2019,vs Dallas,REG,W, 4-3 , +145,O,5.5
Detroit,Oct 8 2019,vs Anaheim,REG,L, 3-1 , +105,U,5.5
Detroit,Oct 10 2019,@ Montreal,REG,W, 4-2 , +170,P,6
Detroit,Oct 12 2019,vs Toronto,REG,L, 5-2 , +165,O,6.5
Detroit,Oct 15 2019,@ Vancouver,REG,L, 5-1 , +125,P,6
Detroit,Oct 17 2019,@ Calgary,REG,L, 5-1 , +200,P,6
Detroit,Oct 18 2019,@ Edmonton,REG,L, 2-1 , +170,U,6.5
Detroit,Oct 22 2019,vs Vancouver,REG,L, 5-2 , +100,O,6
Detroit,Oct 23 2019,@ Ottawa,REG,L, 5-2 , +115,O,6
Detroit,Oct 25 2019,vs Buffalo,REG,L, 2-0 , -105,U,6
Detroit,Oct 27 2019,vs St. Louis,REG,L, 5-4 , +120,O,5.5
Detroit,Oct 29 2019,vs Edmonton,REG,W, 3-1 , +100,U,6
Detroit,Nov 1 2019,@ Carolina,REG,L, 7-3 , +230,O,6
Detroit,Nov 2 2019,@ Florida,REG,L, 4-0 , +225,U,6.5
Detroit,Nov 4 2019,vs Nashville,REG,L, 6-1 , +180,O,6
Detroit,Nov 6 2019,@ NY Rangers,REG,L, 5-1 , +130,U,6.5
Detroit,Nov 8 2019,vs Boston,REG,W, 4-2 , +210,P,6
Detroit,Nov 10 2019,vs Vegas,REG,W, 3-2 , +135,U,6.5
Detroit,Nov 12 2019,@ Anaheim,REG,W, 4-3 , +150,O,5.5
Detroit,Nov 14 2019,@ Los Angeles,REG,L, 3-2 , +130,U,6
Detroit,Nov 16 2019,@ San Jose,REG,L, 4-3 , +190,O,6.5
Detroit,Nov 19 2019,vs Ottawa,REG,L, 4-3 , -115,O,6
Detroit,Nov 21 2019,@ Columbus,REG,L, 5-4 , +165,O,6
Detroit,Nov 23 2019,@ New Jersey,REG,L, 5-1 , +140,U,6.5
Detroit,Nov 24 2019,vs Carolina,REG,L, 2-0 , +160,U,6
Detroit,Nov 27 2019,vs Toronto,REG,L, 6-0 , +195,U,6.5
Detroit,Nov 29 2019,@ Philadelphia,REG,L, 6-1 , +235,O,6
Detroit,Nov 30 2019,vs Washington,REG,L, 5-2 , +185,O,6.5
Detroit,Dec 2 2019,vs NY Islanders,REG,L, 4-1 , +180,U,5.5
Detroit,Dec 7 2019,vs Pittsburgh,REG,L, 5-3 , +175,O,6
Detroit,Dec 10 2019,@ Winnipeg,REG,L, 5-1 , +200,P,6
Detroit,Dec 12 2019,vs Winnipeg,REG,W, 5-2 , +180,O,6
Detroit,Dec 14 2019,@ Montreal,REG,W, 2-1 , +200,U,6
Detroit,Dec 15 2019,vs Los Angeles,REG,L, 4-2 , +110,O,5.5
Detroit,Dec 17 2019,vs Columbus,REG,L, 5-3 , +125,O,6
Detroit,Dec 21 2019,@ Toronto,REG,L, 4-1 , +230,U,6.5
Detroit,Dec 22 2019,vs Arizona,REG,L, 5-2 , +185,O,5.5
Detroit,Dec 28 2019,@ Florida,REG,L, 5-4 , +250,O,6.5
Detroit,Dec 29 2019,@ Tampa Bay,REG,L, 2-1 , +300,U,6.5
Detroit,Dec 31 2019,vs San Jose,REG,W, 2-0 , +150,U,6
Detroit,Jan 3 2020,@ Dallas,REG,L, 4-1 , +265,U,5.5
Detroit,Jan 5 2020,@ Chicago,REG,L, 4-2 , +175,U,6.5
Detroit,Jan 7 2020,vs Montreal,REG,W, 4-3 , +135,O,6
Detroit,Jan 10 2020,vs Ottawa,REG,W, 3-2 , +100,U,6.5
Detroit,Jan 12 2020,vs Buffalo,REG,L, 5-1 , +105,O,5.5
Detroit,Jan 14 2020,@ NY Islanders,REG,L, 8-2 , +205,O,5.5
Detroit,Jan 17 2020,vs Pittsburgh,REG,L, 2-1 , +210,U,6
Detroit,Jan 18 2020,vs Florida,REG,L, 4-1 , +195,U,6
Detroit,Jan 20 2020,@ Colorado,REG,L, 6-3 , +330,O,6.5
Detroit,Jan 22 2020,@ Minnesota,REG,L, 4-2 , +240,P,6
Detroit,Jan 31 2020,@ NY Rangers,REG,L, 4-2 , +210,P,6
Detroit,Feb 1 2020,vs NY Rangers,REG,L, 1-0 , +150,U,6
Detroit,Feb 3 2020,vs Philadelphia,REG,L, 3-0 , +180,U,6
Detroit,Feb 6 2020,@ Buffalo,REG,W, 4-3 , +180,O,5.5
Detroit,Feb 7 2020,@ Columbus,REG,L, 2-0 , +290,U,5.5
Detroit,Feb 9 2020,vs Boston,REG,W, 3-1 , +280,U,5.5
Detroit,Feb 11 2020,@ Buffalo,REG,L, 3-2 , +170,U,5.5
Detroit,Feb 13 2020,@ New Jersey,REG,L, 4-1 , +150,U,5.5
Detroit,Feb 15 2020,@ Boston,REG,L, 4-1 , +400,U,5.5
Detroit,Feb 16 2020,@ Pittsburgh,REG,L, 5-1 , +400,P,6
Detroit,Feb 18 2020,vs Montreal,REG,W, 4-3 , +170,O,5.5
Detroit,Feb 21 2020,@ NY Islanders,REG,L, 4-1 , +250,U,5.5
Detroit,Feb 23 2020,vs Calgary,REG,L, 4-2 , +185,P,6
Detroit,Feb 25 2020,vs New Jersey,REG,L, 4-1 , +100,U,5.5
Detroit,Feb 27 2020,vs Minnesota,REG,L, 7-1 , +195,O,5.5
Detroit,Feb 29 2020,@ Ottawa,REG,L, 4-3 , +160,O,6
Detroit,Mar 2 2020,vs Colorado,REG,L, 2-1 , +270,U,5.5
Detroit,Mar 6 2020,vs Chicago,REG,W, 2-1 , +170,U,6
Detroit,Mar 8 2020,vs Tampa Bay,REG,W, 5-4 , +250,O,6
Detroit,Mar 10 2020,vs Carolina,REG,L, 5-2 , +220,O,5.5

Edmonton,Oct 2 2019,vs Vancouver,REG,W, 3-2 , -130,U,5.5
Edmonton,Oct 5 2019,vs Los Angeles,REG,W, 6-5 , -150,O,5.5
Edmonton,Oct 8 2019,@ NY Islanders,REG,W, 5-2 , +145,O,6
Edmonton,Oct 10 2019,@ New Jersey,REG,W, 4-3 , +105,O,6.5
Edmonton,Oct 12 2019,@ NY Rangers,REG,W, 4-1 , +105,U,6.5
Edmonton,Oct 14 2019,@ Chicago,REG,L, 3-1 , -105,U,6.5
Edmonton,Oct 16 2019,vs Philadelphia,REG,W, 6-3 , -130,O,6
Edmonton,Oct 18 2019,vs Detroit,REG,W, 2-1 , -200,U,6.5
Edmonton,Oct 20 2019,@ Winnipeg,REG,L, 1-0 , +110,U,6.5
Edmonton,Oct 22 2019,@ Minnesota,REG,L, 3-0 , +105,U,5.5
Edmonton,Oct 24 2019,vs Washington,REG,W, 4-3 , +110,O,6
Edmonton,Oct 27 2019,vs Florida,REG,L, 6-2 , -105,O,6.5
Edmonton,Oct 29 2019,@ Detroit,REG,L, 3-1 , -120,U,6
Edmonton,Oct 30 2019,@ Columbus,REG,W, 4-1 , +130,U,6
Edmonton,Nov 2 2019,@ Pittsburgh,REG,W, 2-1 , +170,U,6.5
Edmonton,Nov 4 2019,vs Arizona,REG,L, 3-2 , -115,U,5.5
Edmonton,Nov 6 2019,vs St. Louis,REG,L, 5-2 , -140,O,5.5
Edmonton,Nov 8 2019,vs New Jersey,REG,W, 4-0 , -160,U,6.5
Edmonton,Nov 10 2019,@ Anaheim,REG,W, 6-2 , +105,O,5.5
Edmonton,Nov 12 2019,@ San Jose,REG,L, 6-3 , +115,O,6
Edmonton,Nov 14 2019,vs Colorado,REG,W, 6-2 , -135,O,6
Edmonton,Nov 16 2019,vs Dallas,REG,L, 5-4 , -120,O,5.5
Edmonton,Nov 19 2019,@ San Jose,REG,W, 5-2 , +115,O,6.5
Edmonton,Nov 21 2019,@ Los Angeles,REG,L, 5-1 , -130,P,6
Edmonton,Nov 23 2019,@ Vegas,REG,W, 4-2 , +165,U,6.5
Edmonton,Nov 24 2019,@ Arizona,REG,W, 4-3 , +105,O,5.5
Edmonton,Nov 27 2019,@ Colorado,REG,L, 4-1 , +110,U,6.5
Edmonton,Nov 30 2019,vs Vancouver,REG,L, 5-2 , -130,O,6
Edmonton,Dec 1 2019,@ Vancouver,REG,W, 3-2 , +100,U,6
Edmonton,Dec 4 2019,vs Ottawa,REG,L, 5-2 , -210,O,6
Edmonton,Dec 6 2019,vs Los Angeles,REG,W, 2-1 , -160,U,6
Edmonton,Dec 8 2019,vs Buffalo,REG,L, 3-2 , -180,U,6
Edmonton,Dec 10 2019,vs Carolina,REG,L, 6-3 , +100,O,6
Edmonton,Dec 12 2019,@ Minnesota,REG,L, 6-5 , -105,O,5.5
Edmonton,Dec 14 2019,vs Toronto,REG,L, 4-1 , +115,U,6.5
Edmonton,Dec 16 2019,@ Dallas,REG,W, 2-1 , +160,U,5.5
Edmonton,Dec 18 2019,@ St. Louis,REG,L, 2-1 , +140,U,5.5
Edmonton,Dec 20 2019,vs Pittsburgh,REG,L, 5-2 , +100,O,6
Edmonton,Dec 21 2019,vs Montreal,REG,W, 4-3 , +105,O,6
Edmonton,Dec 23 2019,@ Vancouver,REG,L, 4-2 , +120,P,6
Edmonton,Dec 27 2019,vs Calgary,REG,L, 5-1 , -105,P,6
Edmonton,Dec 31 2019,vs NY Rangers,REG,W, 7-5 , -135,O,6.5
Edmonton,Jan 2 2020,@ Buffalo,REG,L, 3-2 , +105,U,6
Edmonton,Jan 4 2020,@ Boston,REG,W, 4-1 , +190,U,6
Edmonton,Jan 6 2020,@ Toronto,REG,W, 6-4 , +180,O,6.5
Edmonton,Jan 9 2020,@ Montreal,REG,W, 4-2 , +110,U,6.5
Edmonton,Jan 11 2020,@ Calgary,REG,L, 4-3 , +125,O,6
Edmonton,Jan 14 2020,vs Nashville,REG,W, 4-2 , +105,U,6.5
Edmonton,Jan 18 2020,vs Arizona,REG,W, 7-3 , -115,O,5.5
Edmonton,Jan 29 2020,vs Calgary,REG,L, 4-3 , -120,O,6
Edmonton,Jan 31 2020,vs St. Louis,REG,W, 4-2 , +105,P,6
Edmonton,Feb 1 2020,@ Calgary,REG,W, 8-3 , +145,O,6.5
Edmonton,Feb 4 2020,@ Arizona,REG,L, 3-0 , -105,U,5.5
Edmonton,Feb 6 2020,vs San Jose,REG,L, 6-3 , -165,O,6
Edmonton,Feb 8 2020,vs Nashville,REG,W, 3-2 , -110,U,6.5
Edmonton,Feb 11 2020,vs Chicago,REG,W, 5-3 , -115,O,6
Edmonton,Feb 13 2020,@ Tampa Bay,REG,L, 3-1 , +170,U,6
Edmonton,Feb 15 2020,@ Florida,REG,W, 4-1 , +135,U,6.5
Edmonton,Feb 16 2020,@ Carolina,REG,W, 4-3 , +180,O,6
Edmonton,Feb 19 2020,vs Boston,REG,L, 2-1 , +165,U,6
Edmonton,Feb 21 2020,vs Minnesota,REG,L, 5-3 , -115,O,5.5
Edmonton,Feb 23 2020,@ Los Angeles,REG,W, 4-2 , -140,P,6
Edmonton,Feb 25 2020,@ Anaheim,REG,L, 4-3 , -150,O,6
Edmonton,Feb 26 2020,@ Vegas,REG,L, 3-0 , +180,U,6.5
Edmonton,Feb 29 2020,vs Winnipeg,REG,W, 3-2 , -155,U,6
Edmonton,Mar 2 2020,@ Nashville,REG,W, 8-3 , +125,O,6
Edmonton,Mar 3 2020,@ Dallas,REG,W, 2-1 , +140,U,5.5
Edmonton,Mar 5 2020,@ Chicago,REG,L, 4-3 , -110,O,6.5
Edmonton,Mar 7 2020,vs Columbus,REG,W, 4-1 , -165,U,5.5
Edmonton,Mar 9 2020,vs Vegas,REG,L, 3-2 , -115,U,6
Edmonton,Mar 11 2020,vs Winnipeg,REG,L, 4-2 , -145,O,5.5

Florida,Oct 3 2019,@ Tampa Bay,REG,L, 5-2 , +160,O,6.5
Florida,Oct 5 2019,vs Tampa Bay,REG,W, 4-3 , +110,O,6.5
Florida,Oct 8 2019,vs Carolina,REG,L, 6-3 , -125,O,6.5
Florida,Oct 11 2019,@ Buffalo,REG,L, 3-2 , -135,U,6.5
Florida,Oct 12 2019,@ NY Islanders,REG,L, 3-2 , -105,U,5.5
Florida,Oct 14 2019,@ New Jersey,REG,W, 6-4 , -115,O,6.5
Florida,Oct 18 2019,vs Colorado,REG,L, 5-4 , -130,O,6.5
Florida,Oct 19 2019,@ Nashville,REG,W, 3-2 , +145,U,6.5
Florida,Oct 22 2019,vs Pittsburgh,REG,W, 4-2 , -135,P,6
Florida,Oct 24 2019,@ Calgary,REG,L, 6-5 , +120,O,6
Florida,Oct 27 2019,@ Edmonton,REG,W, 6-2 , -115,O,6.5
Florida,Oct 28 2019,@ Vancouver,REG,L, 7-2 , +120,O,6.5
Florida,Oct 30 2019,@ Colorado,REG,W, 4-3 , +120,O,6.5
Florida,Nov 2 2019,vs Detroit,REG,W, 4-0 , -265,U,6.5
Florida,Nov 7 2019,vs Washington,REG,L, 5-4 , -115,O,6.5
Florida,Nov 9 2019,@ NY Islanders,REG,L, 2-1 , -110,U,6
Florida,Nov 10 2019,@ NY Rangers,REG,W, 6-5 , -125,O,6.5
Florida,Nov 12 2019,@ Boston,REG,W, 5-4 , +140,O,6.5
Florida,Nov 14 2019,vs Winnipeg,REG,L, 4-3 , -180,O,6.5
Florida,Nov 16 2019,vs NY Rangers,REG,W, 4-3 , -200,O,6.5
Florida,Nov 19 2019,vs Philadelphia,REG,W, 5-2 , -140,O,6.5
Florida,Nov 21 2019,vs Anaheim,REG,W, 5-4 , -175,O,6.5
Florida,Nov 23 2019,@ Carolina,REG,L, 4-2 , +130,U,6.5
Florida,Nov 24 2019,vs Buffalo,REG,L, 5-2 , -140,O,6.5
Florida,Nov 27 2019,@ Washington,REG,L, 4-3 , +155,O,6.5
Florida,Nov 30 2019,vs Nashville,REG,W, 3-0 , -120,U,6.5
Florida,Dec 3 2019,vs Minnesota,REG,L, 4-2 , -130,P,6
Florida,Dec 7 2019,vs Columbus,REG,W, 4-1 , -165,U,6.5
Florida,Dec 8 2019,vs San Jose,REG,W, 5-1 , -145,U,6.5
Florida,Dec 10 2019,vs Tampa Bay,REG,L, 2-1 , -110,U,6.5
Florida,Dec 12 2019,vs NY Islanders,REG,L, 3-1 , -130,U,6
Florida,Dec 14 2019,vs Boston,REG,L, 4-2 , +100,P,6
Florida,Dec 16 2019,vs Ottawa,REG,W, 6-1 , -200,O,6.5
Florida,Dec 20 2019,vs Dallas,REG,W, 7-4 , -125,O,5.5
Florida,Dec 21 2019,@ Carolina,REG,W, 4-2 , +160,U,6.5
Florida,Dec 23 2019,@ Tampa Bay,REG,L, 6-1 , +160,O,6.5
Florida,Dec 28 2019,vs Detroit,REG,W, 5-4 , -300,O,6.5
Florida,Dec 29 2019,vs Montreal,REG,W, 6-5 , -125,O,6.5
Florida,Dec 31 2019,@ Columbus,REG,L, 4-1 , -115,U,6.5
Florida,Jan 2 2020,@ Ottawa,REG,W, 6-3 , -140,O,6.5
Florida,Jan 4 2020,@ Buffalo,REG,L, 3-2 , -125,U,6.5
Florida,Jan 5 2020,@ Pittsburgh,REG,W, 4-1 , +140,U,6
Florida,Jan 7 2020,vs Arizona,REG,L, 5-2 , -135,O,6
Florida,Jan 9 2020,vs Vancouver,REG,W, 5-2 , -150,O,6.5
Florida,Jan 12 2020,vs Toronto,REG,W, 8-4 , +105,O,6.5
Florida,Jan 16 2020,vs Los Angeles,REG,W, 4-3 , -175,O,6.5
Florida,Jan 18 2020,@ Detroit,REG,W, 4-1 , -235,U,6
Florida,Jan 20 2020,@ Minnesota,REG,W, 5-4 , -110,O,6
Florida,Jan 21 2020,@ Chicago,REG,W, 4-3 , -105,O,6.5
Florida,Feb 1 2020,@ Montreal,REG,L, 4-0 , +100,U,6.5
Florida,Feb 3 2020,@ Toronto,REG,W, 5-3 , +150,O,6.5
Florida,Feb 4 2020,@ Columbus,REG,L, 1-0 , +115,U,6
Florida,Feb 6 2020,vs Vegas,REG,L, 7-2 , +105,O,6.5
Florida,Feb 8 2020,vs Pittsburgh,REG,L, 3-2 , -105,U,6.5
Florida,Feb 10 2020,@ Philadelphia,REG,L, 4-1 , +115,U,6.5
Florida,Feb 11 2020,@ New Jersey,REG,W, 5-3 , -125,O,6.5
Florida,Feb 13 2020,vs Philadelphia,REG,L, 6-2 , -125,O,6.5
Florida,Feb 15 2020,vs Edmonton,REG,L, 4-1 , -155,U,6.5
Florida,Feb 17 2020,@ San Jose,REG,W, 5-3 , -150,O,6
Florida,Feb 19 2020,@ Anaheim,REG,W, 4-1 , -130,U,6.5
Florida,Feb 20 2020,@ Los Angeles,REG,L, 5-4 , -145,O,6
Florida,Feb 22 2020,@ Vegas,REG,L, 5-3 , +170,O,6.5
Florida,Feb 25 2020,@ Arizona,REG,W, 2-1 , +115,U,6
Florida,Feb 27 2020,vs Toronto,REG,L, 5-3 , -105,O,7
Florida,Feb 29 2020,vs Chicago,REG,L, 3-2 , -155,U,6.5
Florida,Mar 1 2020,vs Calgary,REG,L, 3-0 , -110,U,6.5
Florida,Mar 5 2020,vs Boston,REG,L, 2-1 , +130,U,6
Florida,Mar 7 2020,vs Montreal,REG,W, 4-1 , -150,U,6
Florida,Mar 9 2020,@ St. Louis,REG,W, 2-1 , +140,U,6

Los Angeles,Oct 5 2019,@ Edmonton,REG,L, 6-5 , +130,O,5.5
Los Angeles,Oct 8 2019,@ Calgary,REG,W, 4-3 , +195,O,5.5
Los Angeles,Oct 9 2019,@ Vancouver,REG,L, 8-2 , +145,O,5.5
Los Angeles,Oct 12 2019,vs Nashville,REG,W, 7-4 , +145,O,6
Los Angeles,Oct 13 2019,vs Vegas,REG,L, 5-2 , +140,O,6.5
Los Angeles,Oct 15 2019,vs Carolina,REG,L, 2-0 , +145,U,6.5
Los Angeles,Oct 17 2019,vs Buffalo,REG,L, 3-0 , -130,U,6
Los Angeles,Oct 19 2019,vs Calgary,REG,W, 4-1 , +135,U,6
Los Angeles,Oct 22 2019,@ Winnipeg,REG,W, 3-2 , +130,U,6
Los Angeles,Oct 24 2019,@ St. Louis,REG,L, 5-2 , +155,O,5.5
Los Angeles,Oct 26 2019,@ Minnesota,REG,L, 5-1 , +120,O,5.5
Los Angeles,Oct 27 2019,@ Chicago,REG,L, 5-1 , +115,P,6
Los Angeles,Oct 30 2019,vs Vancouver,REG,L, 5-3 , +100,O,6
Los Angeles,Nov 2 2019,vs Chicago,REG,W, 4-3 , -135,O,6
Los Angeles,Nov 5 2019,@ Toronto,REG,L, 3-1 , +200,U,6.5
Los Angeles,Nov 7 2019,@ Ottawa,REG,L, 3-2 , -125,U,6.5
Los Angeles,Nov 9 2019,@ Montreal,REG,L, 3-2 , +170,U,6.5
Los Angeles,Nov 12 2019,vs Minnesota,REG,W, 3-1 , +100,U,6
Los Angeles,Nov 14 2019,vs Detroit,REG,W, 3-2 , -150,U,6
Los Angeles,Nov 16 2019,vs Vegas,REG,W, 4-3 , +125,O,6
Los Angeles,Nov 18 2019,@ Arizona,REG,L, 3-0 , +150,U,5.5
Los Angeles,Nov 21 2019,vs Edmonton,REG,W, 5-1 , +110,P,6
Los Angeles,Nov 23 2019,vs Arizona,REG,L, 3-2 , +105,U,5.5
Los Angeles,Nov 25 2019,vs San Jose,REG,L, 4-3 , -105,O,6
Los Angeles,Nov 27 2019,vs NY Islanders,REG,W, 4-1 , +120,U,5.5
Los Angeles,Nov 29 2019,@ San Jose,REG,L, 4-1 , +140,U,6
Los Angeles,Nov 30 2019,vs Winnipeg,REG,W, 2-1 , -120,U,6
Los Angeles,Dec 2 2019,@ Anaheim,REG,L, 4-2 , +125,O,5.5
Los Angeles,Dec 4 2019,vs Washington,REG,L, 3-1 , +125,U,6.5
Los Angeles,Dec 6 2019,@ Edmonton,REG,L, 2-1 , +140,U,6
Los Angeles,Dec 7 2019,@ Calgary,REG,L, 4-3 , +175,O,5.5
Los Angeles,Dec 10 2019,vs NY Rangers,REG,W, 3-1 , -125,U,6
Los Angeles,Dec 12 2019,@ Anaheim,REG,W, 2-1 , +125,U,5.5
Los Angeles,Dec 14 2019,@ Pittsburgh,REG,L, 5-4 , +170,O,5.5
Los Angeles,Dec 15 2019,@ Detroit,REG,W, 4-2 , -130,O,5.5
Los Angeles,Dec 17 2019,@ Boston,REG,W, 4-3 , +230,O,5.5
Los Angeles,Dec 19 2019,@ Columbus,REG,L, 3-2 , +125,U,5.5
Los Angeles,Dec 21 2019,@ Buffalo,REG,L, 3-2 , +125,U,6
Los Angeles,Dec 23 2019,vs St. Louis,REG,L, 4-1 , +130,U,5.5
Los Angeles,Dec 27 2019,@ San Jose,REG,W, 3-2 , +130,U,6
Los Angeles,Dec 28 2019,@ Vancouver,REG,L, 3-2 , +155,U,6
Los Angeles,Dec 31 2019,vs Philadelphia,REG,W, 5-3 , -105,O,5.5
Los Angeles,Jan 4 2020,vs Nashville,REG,L, 4-1 , +105,U,6
Los Angeles,Jan 6 2020,vs Columbus,REG,L, 4-2 , -115,O,5.5
Los Angeles,Jan 8 2020,vs Dallas,REG,L, 2-1 , +120,U,5
Los Angeles,Jan 9 2020,@ Vegas,REG,W, 5-2 , +220,O,5.5
Los Angeles,Jan 11 2020,@ Carolina,REG,L, 2-0 , +175,U,6
Los Angeles,Jan 14 2020,@ Tampa Bay,REG,L, 4-3 , +240,O,6
Los Angeles,Jan 16 2020,@ Florida,REG,L, 4-3 , +155,O,6.5
Los Angeles,Jan 18 2020,@ Philadelphia,REG,L, 4-1 , +135,U,5.5
Los Angeles,Jan 29 2020,vs Tampa Bay,REG,L, 4-2 , +195,P,6
Los Angeles,Jan 30 2020,@ Arizona,REG,W, 3-2 , +145,U,5.5
Los Angeles,Feb 1 2020,vs Anaheim,REG,L, 3-1 , -130,U,5.5
Los Angeles,Feb 4 2020,@ Washington,REG,L, 4-2 , +205,P,6
Los Angeles,Feb 6 2020,@ NY Islanders,REG,L, 5-3 , +160,O,5.5
Los Angeles,Feb 8 2020,@ New Jersey,REG,L, 3-0 , +100,U,6
Los Angeles,Feb 9 2020,@ NY Rangers,REG,L, 4-1 , +160,U,6
Los Angeles,Feb 12 2020,vs Calgary,REG,W, 5-3 , +110,O,5.5
Los Angeles,Feb 15 2020,@ Colorado,REG,W, 3-1 , +235,U,6
Los Angeles,Feb 18 2020,@ Winnipeg,REG,L, 6-3 , +150,O,5.5
Los Angeles,Feb 20 2020,vs Florida,REG,W, 5-4 , +125,O,6
Los Angeles,Feb 22 2020,vs Colorado,REG,L, 2-1 , +130,U,5.5
Los Angeles,Feb 23 2020,vs Edmonton,REG,L, 4-2 , +120,P,6
Los Angeles,Feb 26 2020,vs Pittsburgh,REG,W, 2-1 , +180,U,6
Los Angeles,Feb 29 2020,vs New Jersey,REG,W, 2-1 , -130,U,5.5
Los Angeles,Mar 1 2020,@ Vegas,REG,W, 4-1 , +280,U,5.5
Los Angeles,Mar 5 2020,vs Toronto,REG,W, 1-0 , +150,U,6
Los Angeles,Mar 7 2020,vs Minnesota,REG,W, 7-3 , +125,O,5.5
Los Angeles,Mar 9 2020,vs Colorado,REG,W, 3-1 , +125,U,5.5
Los Angeles,Mar 11 2020,vs Ottawa,REG,W, 3-2 , -160,U,6

Minnesota,Oct 3 2019,@ Nashville,REG,L, 5-2 , +150,O,5.5
Minnesota,Oct 5 2019,@ Colorado,REG,L, 4-2 , +140,P,6
Minnesota,Oct 10 2019,@ Winnipeg,REG,L, 5-2 , +100,O,6
Minnesota,Oct 12 2019,vs Pittsburgh,REG,L, 7-4 , -125,O,5.5
Minnesota,Oct 14 2019,@ Ottawa,REG,W, 2-0 , -130,U,6.5
Minnesota,Oct 15 2019,@ Toronto,REG,L, 4-2 , +205,U,6.5
Minnesota,Oct 17 2019,@ Montreal,REG,L, 4-0 , +145,U,6
Minnesota,Oct 20 2019,vs Montreal,REG,W, 4-3 , -125,O,6
Minnesota,Oct 22 2019,vs Edmonton,REG,W, 3-0 , -125,U,5.5
Minnesota,Oct 24 2019,@ Nashville,REG,L, 4-0 , +155,U,6
Minnesota,Oct 26 2019,vs Los Angeles,REG,W, 5-1 , -140,O,5.5
Minnesota,Oct 29 2019,@ Dallas,REG,L, 6-3 , +135,O,5
Minnesota,Oct 30 2019,@ St. Louis,REG,L, 2-1 , +160,U,5.5
Minnesota,Nov 2 2019,vs St. Louis,REG,L, 4-3 , -135,O,5.5
Minnesota,Nov 5 2019,@ Anaheim,REG,W, 4-2 , +110,O,5.5
Minnesota,Nov 7 2019,@ San Jose,REG,L, 6-5 , +125,O,6
Minnesota,Nov 9 2019,@ Arizona,REG,W, 4-3 , +125,O,5.5
Minnesota,Nov 12 2019,@ Los Angeles,REG,L, 3-1 , -120,U,6
Minnesota,Nov 14 2019,vs Arizona,REG,W, 3-2 , -115,U,5.5
Minnesota,Nov 16 2019,vs Carolina,REG,L, 4-3 , +100,O,6
Minnesota,Nov 19 2019,@ Buffalo,REG,W, 4-1 , -110,U,5.5
Minnesota,Nov 21 2019,vs Colorado,REG,W, 3-2 , -115,U,6
Minnesota,Nov 23 2019,@ Boston,REG,L, 5-4 , +180,O,5.5
Minnesota,Nov 25 2019,@ NY Rangers,REG,L, 3-2 , -125,U,6.5
Minnesota,Nov 26 2019,@ New Jersey,REG,W, 3-2 , +120,U,6
Minnesota,Nov 29 2019,vs Ottawa,REG,W, 7-2 , -170,O,5.5
Minnesota,Dec 1 2019,vs Dallas,REG,W, 3-2 , -110,P,5
Minnesota,Dec 3 2019,@ Florida,REG,W, 4-2 , +110,P,6
Minnesota,Dec 5 2019,@ Tampa Bay,REG,W, 5-4 , +180,O,6
Minnesota,Dec 7 2019,@ Carolina,REG,L, 6-2 , +135,O,5.5
Minnesota,Dec 10 2019,vs Anaheim,REG,L, 3-2 , -150,U,5.5
Minnesota,Dec 12 2019,vs Edmonton,REG,W, 6-5 , -115,O,5.5
Minnesota,Dec 14 2019,vs Philadelphia,REG,W, 4-1 , -125,U,5.5
Minnesota,Dec 15 2019,@ Chicago,REG,L, 5-3 , -110,O,5.5
Minnesota,Dec 17 2019,@ Vegas,REG,L, 3-2 , +170,U,6
Minnesota,Dec 19 2019,@ Arizona,REG,W, 8-5 , +145,O,5.5
Minnesota,Dec 21 2019,vs Winnipeg,REG,L, 6-0 , -125,O,5.5
Minnesota,Dec 23 2019,vs Calgary,REG,W, 3-0 , -130,U,5.5
Minnesota,Dec 27 2019,@ Colorado,REG,W, 6-4 , +170,O,6
Minnesota,Dec 29 2019,vs NY Islanders,REG,L, 3-1 , -115,U,5.5
Minnesota,Dec 31 2019,vs Toronto,REG,L, 4-1 , +110,U,6
Minnesota,Jan 4 2020,vs Winnipeg,REG,W, 3-2 , -135,U,6
Minnesota,Jan 5 2020,vs Calgary,REG,L, 5-4 , -105,O,6
Minnesota,Jan 9 2020,@ Calgary,REG,L, 2-1 , +130,U,6
Minnesota,Jan 12 2020,vs Vancouver,REG,L, 4-1 , -160,U,6
Minnesota,Jan 14 2020,@ Pittsburgh,REG,L, 7-3 , +150,O,6
Minnesota,Jan 16 2020,vs Tampa Bay,REG,W, 3-2 , +140,U,6.5
Minnesota,Jan 18 2020,vs Dallas,REG,W, 7-0 , -110,O,5
Minnesota,Jan 20 2020,vs Florida,REG,L, 5-4 , -110,O,6
Minnesota,Jan 22 2020,vs Detroit,REG,W, 4-2 , -290,P,6
Minnesota,Feb 1 2020,vs Boston,REG,L, 6-1 , +105,O,5.5
Minnesota,Feb 4 2020,vs Chicago,REG,W, 3-2 , -130,U,6
Minnesota,Feb 6 2020,vs Vancouver,REG,W, 4-2 , -125,P,6
Minnesota,Feb 7 2020,@ Dallas,REG,W, 3-2 , +170,U,5.5
Minnesota,Feb 9 2020,vs Colorado,REG,L, 3-2 , +110,U,6.5
Minnesota,Feb 11 2020,vs Vegas,REG,W, 4-0 , +130,U,6
Minnesota,Feb 13 2020,vs NY Rangers,REG,L, 4-3 , -135,O,6.5
Minnesota,Feb 15 2020,vs San Jose,REG,L, 2-0 , -220,U,6
Minnesota,Feb 19 2020,@ Vancouver,REG,W, 4-3 , +120,O,5.5
Minnesota,Feb 21 2020,@ Edmonton,REG,W, 5-3 , -105,O,5.5
Minnesota,Feb 23 2020,vs St. Louis,REG,L, 4-1 , +100,U,5.5
Minnesota,Feb 25 2020,vs Columbus,REG,W, 5-4 , -160,O,5.5
Minnesota,Feb 27 2020,@ Detroit,REG,W, 7-1 , -240,O,5.5
Minnesota,Feb 28 2020,@ Columbus,REG,W, 5-0 , +110,U,5.5
Minnesota,Mar 1 2020,vs Washington,REG,L, 4-3 , +115,O,6
Minnesota,Mar 3 2020,vs Nashville,REG,W, 3-1 , -130,U,6
Minnesota,Mar 5 2020,@ San Jose,REG,W, 3-2 , -135,U,5.5
Minnesota,Mar 7 2020,@ Los Angeles,REG,L, 7-3 , -145,O,5.5
Minnesota,Mar 8 2020,@ Anaheim,REG,W, 5-4 , -135,O,5.5

Montreal,Oct 3 2019,@ Carolina,REG,L, 4-3 , +140,O,6
Montreal,Oct 5 2019,@ Toronto,REG,W, 6-5 , +130,O,6.5
Montreal,Oct 9 2019,@ Buffalo,REG,L, 5-4 , -105,O,6
Montreal,Oct 10 2019,vs Detroit,REG,L, 4-2 , -200,P,6
Montreal,Oct 12 2019,vs St. Louis,REG,W, 6-3 , +100,O,5.5
Montreal,Oct 15 2019,vs Tampa Bay,REG,L, 3-1 , +115,U,6.5
Montreal,Oct 17 2019,vs Minnesota,REG,W, 4-0 , -165,U,6
Montreal,Oct 19 2019,@ St. Louis,REG,W, 5-2 , +125,O,6
Montreal,Oct 20 2019,@ Minnesota,REG,L, 4-3 , +105,O,6
Montreal,Oct 24 2019,vs San Jose,REG,L, 4-2 , -135,U,6.5
Montreal,Oct 26 2019,vs Toronto,REG,W, 5-2 , -135,O,6.5
Montreal,Oct 30 2019,@ Arizona,REG,W, 4-1 , +110,U,6
Montreal,Oct 31 2019,@ Vegas,REG,W, 5-4 , +200,O,6.5
Montreal,Nov 2 2019,@ Dallas,REG,L, 4-1 , +100,U,5.5
Montreal,Nov 5 2019,vs Boston,REG,W, 5-4 , -105,O,6
Montreal,Nov 7 2019,@ Philadelphia,REG,L, 3-2 , +100,U,6.5
Montreal,Nov 9 2019,vs Los Angeles,REG,W, 3-2 , -200,U,6.5
Montreal,Nov 12 2019,vs Columbus,REG,W, 3-2 , -180,U,6
Montreal,Nov 15 2019,@ Washington,REG,W, 5-2 , +140,O,6.5
Montreal,Nov 16 2019,vs New Jersey,REG,L, 4-3 , -155,O,6.5
Montreal,Nov 19 2019,@ Columbus,REG,L, 5-2 , -120,O,6
Montreal,Nov 20 2019,vs Ottawa,REG,L, 2-1 , -200,U,6.5
Montreal,Nov 23 2019,vs NY Rangers,REG,L, 6-5 , -225,O,6.5
Montreal,Nov 26 2019,vs Boston,REG,L, 8-1 , -105,O,6
Montreal,Nov 28 2019,vs New Jersey,REG,L, 6-4 , -160,O,6
Montreal,Nov 30 2019,vs Philadelphia,REG,L, 4-3 , -130,O,6
Montreal,Dec 1 2019,@ Boston,REG,L, 3-1 , +165,U,6
Montreal,Dec 3 2019,vs NY Islanders,REG,W, 4-2 , -125,P,6
Montreal,Dec 5 2019,vs Colorado,REG,L, 3-2 , -110,U,6.5
Montreal,Dec 6 2019,@ NY Rangers,REG,W, 2-1 , -120,U,6.5
Montreal,Dec 10 2019,@ Pittsburgh,REG,W, 4-1 , +120,U,6
Montreal,Dec 11 2019,vs Ottawa,REG,W, 3-2 , -155,U,6.5
Montreal,Dec 14 2019,vs Detroit,REG,L, 2-1 , -240,U,6
Montreal,Dec 17 2019,@ Vancouver,REG,W, 3-1 , -105,U,6
Montreal,Dec 19 2019,@ Calgary,REG,W, 4-3 , +115,O,5.5
Montreal,Dec 21 2019,@ Edmonton,REG,L, 4-3 , -125,O,6
Montreal,Dec 23 2019,@ Winnipeg,REG,W, 6-2 , -110,O,6
Montreal,Dec 28 2019,@ Tampa Bay,REG,L, 5-4 , +170,O,6.5
Montreal,Dec 29 2019,@ Florida,REG,L, 6-5 , +105,O,6.5
Montreal,Dec 31 2019,@ Carolina,REG,L, 3-1 , +155,U,6.5
Montreal,Jan 2 2020,vs Tampa Bay,REG,L, 2-1 , +125,U,6.5
Montreal,Jan 4 2020,vs Pittsburgh,REG,L, 3-2 , -125,U,6
Montreal,Jan 6 2020,vs Winnipeg,REG,L, 3-2 , -140,U,6.5
Montreal,Jan 7 2020,@ Detroit,REG,L, 4-3 , -155,O,6
Montreal,Jan 9 2020,vs Edmonton,REG,L, 4-2 , -130,U,6.5
Montreal,Jan 11 2020,@ Ottawa,REG,W, 2-1 , -145,U,6.5
Montreal,Jan 13 2020,vs Calgary,REG,W, 2-0 , -110,U,6
Montreal,Jan 15 2020,vs Chicago,REG,L, 4-1 , -170,U,6
Montreal,Jan 16 2020,@ Philadelphia,REG,W, 4-1 , +110,U,6
Montreal,Jan 18 2020,vs Vegas,REG,W, 5-4 , +105,O,6
Montreal,Jan 27 2020,vs Washington,REG,L, 4-2 , +105,P,6
Montreal,Jan 30 2020,@ Buffalo,REG,W, 3-1 , -120,U,6
Montreal,Feb 1 2020,vs Florida,REG,W, 4-0 , -120,U,6.5
Montreal,Feb 2 2020,vs Columbus,REG,L, 4-3 , -135,O,5.5
Montreal,Feb 4 2020,@ New Jersey,REG,W, 5-4 , -125,O,6
Montreal,Feb 6 2020,vs Anaheim,REG,W, 3-2 , -155,U,5.5
Montreal,Feb 8 2020,vs Toronto,REG,W, 2-1 , -110,U,6.5
Montreal,Feb 10 2020,vs Arizona,REG,L, 3-2 , -145,U,5.5
Montreal,Feb 12 2020,@ Boston,REG,L, 4-1 , +180,U,5.5
Montreal,Feb 14 2020,@ Pittsburgh,REG,L, 4-1 , +160,U,6
Montreal,Feb 15 2020,vs Dallas,REG,L, 4-3 , +105,O,5.5
Montreal,Feb 18 2020,@ Detroit,REG,L, 4-3 , -200,O,5.5
Montreal,Feb 20 2020,@ Washington,REG,W, 4-3 , +170,O,6.5
Montreal,Feb 22 2020,@ Ottawa,REG,W, 3-0 , -150,U,6
Montreal,Feb 25 2020,vs Vancouver,REG,L, 4-3 , -140,O,6
Montreal,Feb 27 2020,vs NY Rangers,REG,L, 5-2 , -130,O,6
Montreal,Feb 29 2020,vs Carolina,REG,W, 4-3 , -115,O,6
Montreal,Mar 3 2020,@ NY Islanders,REG,W, 6-2 , +125,O,5.5
Montreal,Mar 5 2020,@ Tampa Bay,REG,L, 4-0 , +170,U,6
Montreal,Mar 7 2020,@ Florida,REG,L, 4-1 , +130,U,6
Montreal,Mar 10 2020,vs Nashville,REG,L, 4-2 , -105,O,5.5

Nashville,Oct 3 2019,vs Minnesota,REG,W, 5-2 , -170,O,5.5
Nashville,Oct 5 2019,vs Detroit,REG,L, 5-3 , -260,O,5.5
Nashville,Oct 8 2019,vs San Jose,REG,W, 5-2 , -170,O,6
Nashville,Oct 10 2019,vs Washington,REG,W, 6-5 , -140,O,6
Nashville,Oct 12 2019,@ Los Angeles,REG,L, 7-4 , -165,O,6
Nashville,Oct 15 2019,@ Vegas,REG,W, 5-2 , +115,O,6.5
Nashville,Oct 17 2019,@ Arizona,REG,L, 5-2 , -115,O,5.5
Nashville,Oct 19 2019,vs Florida,REG,L, 3-2 , -165,U,6.5
Nashville,Oct 22 2019,vs Anaheim,REG,W, 6-1 , -155,O,5.5
Nashville,Oct 24 2019,vs Minnesota,REG,W, 4-0 , -175,U,6
Nashville,Oct 26 2019,@ Tampa Bay,REG,W, 3-2 , +145,U,6
Nashville,Oct 29 2019,vs Chicago,REG,W, 3-0 , -200,U,6
Nashville,Oct 31 2019,vs Calgary,REG,L, 6-5 , -155,O,6
Nashville,Nov 2 2019,vs NY Rangers,REG,L, 2-1 , -260,U,6.5
Nashville,Nov 4 2019,@ Detroit,REG,W, 6-1 , -220,O,6
Nashville,Nov 7 2019,@ Colorado,REG,L, 9-4 , -135,O,6
Nashville,Nov 9 2019,@ San Jose,REG,L, 2-1 , -125,U,6.5
Nashville,Nov 12 2019,@ Vancouver,REG,L, 5-3 , -125,O,6
Nashville,Nov 16 2019,vs Chicago,REG,L, 7-2 , -200,O,6.5
Nashville,Nov 19 2019,vs Winnipeg,REG,L, 2-1 , -175,U,6.5
Nashville,Nov 21 2019,vs Vancouver,REG,L, 6-3 , -170,O,6
Nashville,Nov 23 2019,@ St. Louis,REG,W, 4-2 , +100,O,5.5
Nashville,Nov 25 2019,vs St. Louis,REG,W, 3-2 , -150,U,5.5
Nashville,Nov 27 2019,vs Vegas,REG,L, 4-3 , -140,O,6
Nashville,Nov 29 2019,@ Carolina,REG,W, 3-0 , +110,U,6.5
Nashville,Nov 30 2019,@ Florida,REG,L, 3-0 , +100,U,6.5
Nashville,Dec 3 2019,vs Tampa Bay,REG,L, 3-2 , -105,U,6.5
Nashville,Dec 7 2019,vs New Jersey,REG,W, 6-4 , -255,O,6
Nashville,Dec 10 2019,vs San Jose,REG,W, 3-1 , -170,U,6.5
Nashville,Dec 12 2019,@ Buffalo,REG,L, 4-3 , -145,O,6
Nashville,Dec 14 2019,vs Dallas,REG,L, 4-1 , -150,U,5.5
Nashville,Dec 16 2019,@ NY Rangers,REG,W, 5-2 , -130,O,6
Nashville,Dec 17 2019,@ NY Islanders,REG,W, 8-3 , +125,O,5.5
Nashville,Dec 19 2019,@ Ottawa,REG,L, 5-4 , -150,O,6.5
Nashville,Dec 21 2019,@ Boston,REG,W, 4-3 , +135,O,6
Nashville,Dec 23 2019,vs Arizona,REG,W, 3-2 , -150,U,6
Nashville,Dec 27 2019,vs Pittsburgh,REG,L, 5-2 , -145,O,6
Nashville,Dec 28 2019,@ Pittsburgh,REG,L, 6-4 , +105,O,6
Nashville,Jan 1 2020,@ Dallas,REG,L, 4-2 , +105,O,5.5
Nashville,Jan 4 2020,@ Los Angeles,REG,W, 4-1 , -125,U,6
Nashville,Jan 5 2020,@ Anaheim,REG,L, 5-4 , -130,O,5.5
Nashville,Jan 7 2020,vs Boston,REG,L, 6-2 , +100,O,6
Nashville,Jan 9 2020,@ Chicago,REG,W, 5-2 , -140,O,6.5
Nashville,Jan 12 2020,@ Winnipeg,REG,W, 1-0 , -115,U,6.5
Nashville,Jan 14 2020,@ Edmonton,REG,L, 4-2 , -125,U,6.5
Nashville,Jan 16 2020,vs Anaheim,REG,L, 4-2 , -190,P,6
Nashville,Jan 18 2020,vs Buffalo,REG,W, 2-1 , -190,U,6
Nashville,Jan 27 2020,vs Toronto,REG,L, 5-2 , -115,O,6.5
Nashville,Jan 29 2020,@ Washington,REG,W, 5-4 , +135,O,6.5
Nashville,Jan 30 2020,@ New Jersey,REG,W, 6-5 , -140,O,6
Nashville,Feb 1 2020,vs Vegas,REG,L, 3-0 , -125,U,6
Nashville,Feb 4 2020,@ Winnipeg,REG,W, 2-1 , -125,U,6.5
Nashville,Feb 6 2020,@ Calgary,REG,W, 3-2 , -110,U,6
Nashville,Feb 8 2020,@ Edmonton,REG,L, 3-2 , -110,U,6.5
Nashville,Feb 10 2020,@ Vancouver,REG,L, 6-2 , -115,O,6
Nashville,Feb 13 2020,vs NY Islanders,REG,W, 5-0 , -140,U,6
Nashville,Feb 15 2020,@ St. Louis,REG,W, 4-3 , +120,O,5.5
Nashville,Feb 16 2020,vs St. Louis,REG,W, 2-1 , -115,U,5.5
Nashville,Feb 18 2020,vs Carolina,REG,L, 4-1 , -125,U,6
Nashville,Feb 21 2020,@ Chicago,REG,L, 2-1 , -125,U,6.5
Nashville,Feb 22 2020,vs Columbus,REG,W, 4-3 , -160,O,5.5
Nashville,Feb 25 2020,vs Ottawa,REG,W, 3-2 , -370,U,6.5
Nashville,Feb 27 2020,vs Calgary,REG,W, 4-3 , -125,O,6
Nashville,Feb 29 2020,vs Colorado,REG,L, 3-2 , -135,U,5.5
Nashville,Mar 2 2020,vs Edmonton,REG,L, 8-3 , -145,O,6
Nashville,Mar 3 2020,@ Minnesota,REG,L, 3-1 , +110,U,6
Nashville,Mar 5 2020,vs Dallas,REG,W, 2-0 , -110,U,5.5
Nashville,Mar 7 2020,@ Dallas,REG,W, 1-0 , +125,U,5
Nashville,Mar 10 2020,@ Montreal,REG,W, 4-2 , -115,O,5.5

New Jersey,Oct 4 2019,vs Winnipeg,REG,L, 5-4 , -145,O,6.5
New Jersey,Oct 5 2019,@ Buffalo,REG,L, 7-2 , +100,O,5.5
New Jersey,Oct 9 2019,@ Philadelphia,REG,L, 4-0 , +105,U,6
New Jersey,Oct 10 2019,vs Edmonton,REG,L, 4-3 , -125,O,6.5
New Jersey,Oct 12 2019,@ Boston,REG,L, 3-0 , +180,U,6
New Jersey,Oct 14 2019,vs Florida,REG,L, 6-4 , -105,O,6.5
New Jersey,Oct 17 2019,vs NY Rangers,REG,W, 5-2 , -125,O,6.5
New Jersey,Oct 19 2019,vs Vancouver,REG,W, 1-0 , -135,U,6
New Jersey,Oct 25 2019,vs Arizona,REG,L, 5-3 , -120,O,5.5
New Jersey,Oct 30 2019,vs Tampa Bay,REG,L, 7-6 , +105,O,6.5
New Jersey,Nov 1 2019,vs Philadelphia,REG,L, 4-3 , -120,O,6.5
New Jersey,Nov 2 2019,@ Carolina,REG,W, 5-3 , +170,O,6.5
New Jersey,Nov 5 2019,@ Winnipeg,REG,W, 2-1 , +110,U,6.5
New Jersey,Nov 7 2019,@ Calgary,REG,L, 5-2 , +135,O,6.5
New Jersey,Nov 8 2019,@ Edmonton,REG,L, 4-0 , +140,U,6.5
New Jersey,Nov 10 2019,@ Vancouver,REG,W, 2-1 , +145,U,6
New Jersey,Nov 13 2019,vs Ottawa,REG,L, 4-2 , -190,U,6.5
New Jersey,Nov 15 2019,vs Pittsburgh,REG,W, 2-1 , -105,U,6
New Jersey,Nov 16 2019,@ Montreal,REG,W, 4-3 , +135,O,6.5
New Jersey,Nov 19 2019,vs Boston,REG,L, 5-1 , +125,O,5.5
New Jersey,Nov 22 2019,@ Pittsburgh,REG,L, 4-1 , +120,U,6
New Jersey,Nov 23 2019,vs Detroit,REG,W, 5-1 , -160,U,6.5
New Jersey,Nov 26 2019,vs Minnesota,REG,L, 3-2 , -140,U,6
New Jersey,Nov 28 2019,@ Montreal,REG,W, 6-4 , +140,O,6
New Jersey,Nov 30 2019,vs NY Rangers,REG,L, 4-0 , -155,U,6.5
New Jersey,Dec 2 2019,@ Buffalo,REG,L, 7-1 , +105,O,6
New Jersey,Dec 3 2019,vs Vegas,REG,L, 4-3 , +110,O,6
New Jersey,Dec 6 2019,vs Chicago,REG,L, 2-1 , -135,U,6.5
New Jersey,Dec 7 2019,@ Nashville,REG,L, 6-4 , +215,O,6
New Jersey,Dec 10 2019,@ Dallas,REG,L, 2-0 , +170,U,5.5
New Jersey,Dec 13 2019,@ Colorado,REG,L, 3-1 , +210,U,6.5
New Jersey,Dec 14 2019,@ Arizona,REG,W, 2-1 , +185,U,5.5
New Jersey,Dec 18 2019,vs Anaheim,REG,W, 3-1 , -115,U,5.5
New Jersey,Dec 20 2019,vs Washington,REG,L, 6-3 , +160,O,6
New Jersey,Dec 21 2019,@ Columbus,REG,L, 5-1 , +170,O,5.5
New Jersey,Dec 23 2019,@ Chicago,REG,W, 7-1 , +135,O,6
New Jersey,Dec 27 2019,vs Toronto,REG,L, 5-4 , +155,O,6
New Jersey,Dec 29 2019,@ Ottawa,REG,W, 4-3 , +115,O,6
New Jersey,Dec 31 2019,vs Boston,REG,W, 3-2 , +160,U,5.5
New Jersey,Jan 2 2020,@ NY Islanders,REG,W, 2-1 , +180,U,5.5
New Jersey,Jan 4 2020,vs Colorado,REG,L, 5-2 , +170,O,6.5
New Jersey,Jan 7 2020,vs NY Islanders,REG,L, 4-3 , +100,O,5.5
New Jersey,Jan 9 2020,@ NY Rangers,REG,L, 6-3 , +135,O,6.5
New Jersey,Jan 11 2020,@ Washington,REG,W, 5-1 , +255,U,6.5
New Jersey,Jan 12 2020,vs Tampa Bay,REG,W, 3-1 , +180,U,6.5
New Jersey,Jan 14 2020,@ Toronto,REG,L, 7-4 , +240,O,6.5
New Jersey,Jan 16 2020,@ Washington,REG,L, 5-2 , +260,O,6.5
New Jersey,Jan 18 2020,@ Columbus,REG,L, 5-0 , +170,U,5.5
New Jersey,Jan 27 2020,@ Ottawa,REG,W, 4-3 , +105,O,6.5
New Jersey,Jan 30 2020,vs Nashville,REG,L, 6-5 , +120,O,6
New Jersey,Feb 1 2020,vs Dallas,REG,L, 3-2 , +140,U,5.5
New Jersey,Feb 4 2020,vs Montreal,REG,L, 5-4 , +105,O,6
New Jersey,Feb 6 2020,@ Philadelphia,REG,W, 5-0 , +190,U,6
New Jersey,Feb 8 2020,vs Los Angeles,REG,W, 3-0 , -120,U,6
New Jersey,Feb 11 2020,vs Florida,REG,L, 5-3 , +105,O,6.5
New Jersey,Feb 13 2020,vs Detroit,REG,W, 4-1 , -170,U,5.5
New Jersey,Feb 14 2020,@ Carolina,REG,L, 5-2 , +230,O,6
New Jersey,Feb 16 2020,vs Columbus,REG,W, 4-3 , +110,O,5.5
New Jersey,Feb 18 2020,@ St. Louis,REG,L, 3-0 , +240,U,6
New Jersey,Feb 20 2020,vs San Jose,REG,W, 2-1 , -135,U,6
New Jersey,Feb 22 2020,vs Washington,REG,W, 3-2 , +175,U,6.5
New Jersey,Feb 25 2020,@ Detroit,REG,W, 4-1 , -120,U,5.5
New Jersey,Feb 27 2020,@ San Jose,REG,L, 3-2 , +125,U,6
New Jersey,Feb 29 2020,@ Los Angeles,REG,L, 2-1 , +110,U,5.5
New Jersey,Mar 1 2020,@ Anaheim,REG,W, 3-0 , +135,U,5.5
New Jersey,Mar 3 2020,@ Vegas,REG,L, 3-0 , +255,U,5.5
New Jersey,Mar 6 2020,vs St. Louis,REG,W, 4-2 , +185,O,5.5
New Jersey,Mar 7 2020,@ NY Rangers,REG,W, 6-4 , +170,O,6
New Jersey,Mar 10 2020,vs Pittsburgh,REG,L, 5-2 , +150,O,6

New York Islanders,Oct 4 2019,vs Washington,REG,L, 2-1 , -120,U,5.5
New York Islanders,Oct 6 2019,vs Winnipeg,REG,W, 4-1 , -140,U,6.5
New York Islanders,Oct 8 2019,vs Edmonton,REG,L, 5-2 , -165,O,6
New York Islanders,Oct 11 2019,@ Carolina,REG,L, 5-2 , +155,O,5.5
New York Islanders,Oct 12 2019,vs Florida,REG,W, 3-2 , -115,U,5.5
New York Islanders,Oct 14 2019,vs St. Louis,REG,W, 3-2 , +115,U,5.5
New York Islanders,Oct 17 2019,@ Winnipeg,REG,W, 3-1 , +110,U,6
New York Islanders,Oct 19 2019,@ Columbus,REG,W, 3-2 , -105,U,5.5
New York Islanders,Oct 24 2019,vs Arizona,REG,W, 4-2 , -115,O,5
New York Islanders,Oct 25 2019,@ Ottawa,REG,W, 4-2 , -125,P,6
New York Islanders,Oct 27 2019,vs Philadelphia,REG,W, 5-3 , -115,O,5.5
New York Islanders,Nov 1 2019,vs Tampa Bay,REG,W, 5-2 , +100,O,6
New York Islanders,Nov 2 2019,@ Buffalo,REG,W, 1-0 , +100,U,5.5
New York Islanders,Nov 5 2019,vs Ottawa,REG,W, 4-1 , -265,U,6
New York Islanders,Nov 7 2019,vs Pittsburgh,REG,L, 4-3 , -105,O,5.5
New York Islanders,Nov 9 2019,vs Florida,REG,W, 2-1 , -110,U,6
New York Islanders,Nov 13 2019,vs Toronto,REG,W, 5-4 , -115,O,6
New York Islanders,Nov 16 2019,@ Philadelphia,REG,W, 4-3 , -115,O,5.5
New York Islanders,Nov 19 2019,@ Pittsburgh,REG,W, 5-4 , +110,O,5.5
New York Islanders,Nov 21 2019,vs Pittsburgh,REG,W, 4-3 , -135,O,5.5
New York Islanders,Nov 23 2019,@ San Jose,REG,L, 2-1 , -115,U,6
New York Islanders,Nov 25 2019,@ Anaheim,REG,L, 3-0 , -125,U,5.5
New York Islanders,Nov 27 2019,@ Los Angeles,REG,L, 4-1 , -140,U,5.5
New York Islanders,Nov 30 2019,vs Columbus,REG,W, 2-0 , -200,U,5.5
New York Islanders,Dec 2 2019,@ Detroit,REG,W, 4-1 , -220,U,5.5
New York Islanders,Dec 3 2019,@ Montreal,REG,L, 4-2 , +105,P,6
New York Islanders,Dec 5 2019,vs Vegas,REG,W, 3-2 , -125,U,5.5
New York Islanders,Dec 7 2019,@ Dallas,REG,L, 3-1 , +125,U,5
New York Islanders,Dec 9 2019,@ Tampa Bay,REG,W, 5-1 , +155,P,6
New York Islanders,Dec 12 2019,@ Florida,REG,W, 3-1 , +110,U,6
New York Islanders,Dec 14 2019,vs Buffalo,REG,W, 3-2 , -165,U,5.5
New York Islanders,Dec 17 2019,vs Nashville,REG,L, 8-3 , -145,O,5.5
New York Islanders,Dec 19 2019,@ Boston,REG,W, 3-2 , +165,U,5.5
New York Islanders,Dec 21 2019,vs Anaheim,REG,L, 6-5 , -170,O,5
New York Islanders,Dec 23 2019,vs Columbus,REG,L, 3-2 , -165,P,5
New York Islanders,Dec 27 2019,@ Chicago,REG,L, 5-2 , -140,O,5.5
New York Islanders,Dec 29 2019,@ Minnesota,REG,W, 3-1 , -105,U,5.5
New York Islanders,Dec 31 2019,@ Washington,REG,W, 4-3 , +155,O,5.5
New York Islanders,Jan 2 2020,vs New Jersey,REG,L, 2-1 , -220,U,5.5
New York Islanders,Jan 4 2020,@ Toronto,REG,L, 3-0 , +130,U,6
New York Islanders,Jan 6 2020,vs Colorado,REG,W, 1-0 , +105,U,5.5
New York Islanders,Jan 7 2020,@ New Jersey,REG,W, 4-3 , -120,O,5.5
New York Islanders,Jan 11 2020,vs Boston,REG,L, 3-2 , +110,U,5.5
New York Islanders,Jan 13 2020,@ NY Rangers,REG,L, 6-2 , -125,O,6
New York Islanders,Jan 14 2020,vs Detroit,REG,W, 8-2 , -245,O,5.5
New York Islanders,Jan 16 2020,vs NY Rangers,REG,L, 3-2 , -155,U,6
New York Islanders,Jan 18 2020,vs Washington,REG,L, 6-4 , +115,O,6
New York Islanders,Jan 19 2020,@ Carolina,REG,L, 2-1 , +160,U,5.5
New York Islanders,Jan 21 2020,@ NY Rangers,REG,W, 4-2 , -110,P,6
New York Islanders,Feb 1 2020,vs Vancouver,REG,L, 4-3 , -135,O,5.5
New York Islanders,Feb 4 2020,vs Dallas,REG,W, 4-3 , -130,O,5
New York Islanders,Feb 6 2020,vs Los Angeles,REG,W, 5-3 , -180,O,5.5
New York Islanders,Feb 8 2020,@ Tampa Bay,REG,L, 3-1 , +170,U,6
New York Islanders,Feb 10 2020,@ Washington,REG,W, 5-3 , +155,O,6
New York Islanders,Feb 11 2020,vs Philadelphia,REG,W, 5-3 , -130,O,6
New York Islanders,Feb 13 2020,@ Nashville,REG,L, 5-0 , +120,U,6
New York Islanders,Feb 15 2020,@ Vegas,REG,L, 1-0 , +155,U,6
New York Islanders,Feb 17 2020,@ Arizona,REG,L, 2-1 , +105,U,5
New York Islanders,Feb 19 2020,@ Colorado,REG,L, 3-1 , +135,U,5.5
New York Islanders,Feb 21 2020,vs Detroit,REG,W, 4-1 , -300,U,5.5
New York Islanders,Feb 23 2020,vs San Jose,REG,W, 4-1 , -220,U,5.5
New York Islanders,Feb 25 2020,vs NY Rangers,REG,L, 4-3 , -140,O,6
New York Islanders,Feb 27 2020,@ St. Louis,REG,L, 3-2 , +145,U,5.5
New York Islanders,Feb 29 2020,vs Boston,REG,L, 4-0 , +125,U,5.5
New York Islanders,Mar 3 2020,vs Montreal,REG,L, 6-2 , -145,O,5.5
New York Islanders,Mar 5 2020,@ Ottawa,REG,L, 4-3 , -160,O,5.5
New York Islanders,Mar 7 2020,vs Carolina,REG,L, 3-2 , -125,U,5.5
New York Islanders,Mar 10 2020,@ Vancouver,REG,L, 5-4 , +105,O,5.5

New York Rangers,Oct 3 2019,vs Winnipeg,REG,W, 6-4 , -120,O,6
New York Rangers,Oct 5 2019,@ Ottawa,REG,W, 4-1 , -135,U,6.5
New York Rangers,Oct 12 2019,vs Edmonton,REG,L, 4-1 , -125,U,6.5
New York Rangers,Oct 17 2019,@ New Jersey,REG,L, 5-2 , +105,O,6.5
New York Rangers,Oct 18 2019,@ Washington,REG,L, 5-2 , +190,O,6.5
New York Rangers,Oct 20 2019,vs Vancouver,REG,L, 3-2 , -115,U,6
New York Rangers,Oct 22 2019,vs Arizona,REG,L, 3-2 , +100,U,6
New York Rangers,Oct 24 2019,vs Buffalo,REG,W, 6-2 , +105,O,6.5
New York Rangers,Oct 27 2019,vs Boston,REG,L, 7-4 , +140,O,6
New York Rangers,Oct 29 2019,vs Tampa Bay,REG,W, 4-1 , +190,U,6.5
New York Rangers,Nov 2 2019,@ Nashville,REG,W, 2-1 , +220,U,6.5
New York Rangers,Nov 4 2019,vs Ottawa,REG,L, 6-2 , -160,O,6.5
New York Rangers,Nov 6 2019,vs Detroit,REG,W, 5-1 , -150,U,6.5
New York Rangers,Nov 7 2019,@ Carolina,REG,W, 4-2 , +230,U,6.5
New York Rangers,Nov 10 2019,vs Florida,REG,L, 6-5 , +105,O,6.5
New York Rangers,Nov 12 2019,vs Pittsburgh,REG,W, 3-2 , +125,U,6.5
New York Rangers,Nov 14 2019,@ Tampa Bay,REG,L, 9-3 , +235,O,6.5
New York Rangers,Nov 16 2019,@ Florida,REG,L, 4-3 , +170,O,6.5
New York Rangers,Nov 20 2019,vs Washington,REG,W, 4-1 , +145,U,6.5
New York Rangers,Nov 22 2019,@ Ottawa,REG,L, 4-1 , -105,U,6.5
New York Rangers,Nov 23 2019,@ Montreal,REG,W, 6-5 , +185,O,6.5
New York Rangers,Nov 25 2019,vs Minnesota,REG,W, 3-2 , +105,U,6.5
New York Rangers,Nov 27 2019,vs Carolina,REG,W, 3-2 , +135,U,6.5
New York Rangers,Nov 29 2019,@ Boston,REG,L, 3-2 , +180,U,6.5
New York Rangers,Nov 30 2019,@ New Jersey,REG,W, 4-0 , +135,U,6.5
New York Rangers,Dec 2 2019,vs Vegas,REG,L, 4-1 , +115,U,6.5
New York Rangers,Dec 5 2019,@ Columbus,REG,W, 3-2 , +120,U,6
New York Rangers,Dec 6 2019,vs Montreal,REG,L, 2-1 , +100,U,6.5
New York Rangers,Dec 8 2019,@ Vegas,REG,W, 5-0 , +170,U,6.5
New York Rangers,Dec 10 2019,@ Los Angeles,REG,L, 3-1 , +105,U,6
New York Rangers,Dec 12 2019,@ San Jose,REG,W, 6-3 , +145,O,6.5
New York Rangers,Dec 14 2019,@ Anaheim,REG,L, 4-3 , +120,O,5.5
New York Rangers,Dec 16 2019,vs Nashville,REG,L, 5-2 , +110,O,6
New York Rangers,Dec 20 2019,vs Toronto,REG,L, 6-3 , +140,O,6
New York Rangers,Dec 22 2019,vs Anaheim,REG,W, 5-1 , -170,O,5.5
New York Rangers,Dec 23 2019,@ Philadelphia,REG,L, 5-1 , +155,P,6
New York Rangers,Dec 27 2019,vs Carolina,REG,W, 5-3 , +130,O,6
New York Rangers,Dec 28 2019,@ Toronto,REG,W, 5-4 , +200,O,6.5
New York Rangers,Dec 31 2019,@ Edmonton,REG,L, 7-5 , +115,O,6.5
New York Rangers,Jan 2 2020,@ Calgary,REG,L, 4-3 , +145,O,6.5
New York Rangers,Jan 4 2020,@ Vancouver,REG,L, 2-1 , +130,U,6.5
New York Rangers,Jan 7 2020,vs Colorado,REG,W, 5-3 , +125,O,6.5
New York Rangers,Jan 9 2020,vs New Jersey,REG,W, 6-3 , -155,O,6.5
New York Rangers,Jan 11 2020,@ St. Louis,REG,L, 5-2 , +170,O,6
New York Rangers,Jan 13 2020,vs NY Islanders,REG,W, 6-2 , +105,O,6
New York Rangers,Jan 16 2020,@ NY Islanders,REG,W, 3-2 , +135,U,6
New York Rangers,Jan 19 2020,vs Columbus,REG,L, 2-1 , -130,U,6
New York Rangers,Jan 21 2020,vs NY Islanders,REG,L, 4-2 , -110,P,6
New York Rangers,Jan 31 2020,vs Detroit,REG,W, 4-2 , -250,P,6
New York Rangers,Feb 1 2020,@ Detroit,REG,W, 1-0 , -170,U,6
New York Rangers,Feb 3 2020,vs Dallas,REG,L, 5-3 , +115,O,5.5
New York Rangers,Feb 5 2020,vs Toronto,REG,W, 5-3 , +125,O,7
New York Rangers,Feb 7 2020,vs Buffalo,REG,L, 3-2 , -165,U,6.5
New York Rangers,Feb 9 2020,vs Los Angeles,REG,W, 4-1 , -180,U,6
New York Rangers,Feb 11 2020,@ Winnipeg,REG,W, 4-1 , +110,U,6.5
New York Rangers,Feb 13 2020,@ Minnesota,REG,W, 4-3 , +115,O,6.5
New York Rangers,Feb 14 2020,@ Columbus,REG,W, 3-1 , +125,U,5.5
New York Rangers,Feb 16 2020,vs Boston,REG,L, 3-1 , +135,U,6
New York Rangers,Feb 19 2020,@ Chicago,REG,W, 6-3 , +110,O,6.5
New York Rangers,Feb 21 2020,@ Carolina,REG,W, 5-2 , +135,O,6.5
New York Rangers,Feb 22 2020,vs San Jose,REG,W, 3-2 , -160,U,6
New York Rangers,Feb 25 2020,@ NY Islanders,REG,W, 4-3 , +120,O,6
New York Rangers,Feb 27 2020,@ Montreal,REG,W, 5-2 , +110,O,6
New York Rangers,Feb 28 2020,@ Philadelphia,REG,L, 5-2 , +155,O,6
New York Rangers,Mar 1 2020,vs Philadelphia,REG,L, 5-3 , +105,O,6
New York Rangers,Mar 3 2020,vs St. Louis,REG,L, 3-1 , +125,U,6
New York Rangers,Mar 5 2020,vs Washington,REG,W, 6-5 , +110,O,6.5
New York Rangers,Mar 7 2020,vs New Jersey,REG,L, 6-4 , -200,O,6
New York Rangers,Mar 10 2020,@ Dallas,REG,W, 4-2 , +145,O,5.5
New York Rangers,Mar 11 2020,@ Colorado,REG,L, 3-2 , +130,U,6

Ottawa,Oct 2 2019,@ Toronto,REG,L, 5-3 , +265,O,6.5
Ottawa,Oct 5 2019,vs NY Rangers,REG,L, 4-1 , +115,U,6.5
Ottawa,Oct 10 2019,vs St. Louis,REG,L, 6-4 , +170,O,6
Ottawa,Oct 12 2019,vs Tampa Bay,REG,W, 4-2 , +220,U,6.5
Ottawa,Oct 14 2019,vs Minnesota,REG,L, 2-0 , +110,U,6.5
Ottawa,Oct 17 2019,@ Vegas,REG,L, 3-2 , +270,U,6.5
Ottawa,Oct 19 2019,@ Arizona,REG,L, 5-2 , +190,O,6
Ottawa,Oct 21 2019,@ Dallas,REG,L, 2-1 , +180,U,6
Ottawa,Oct 23 2019,vs Detroit,REG,W, 5-2 , -135,O,6
Ottawa,Oct 25 2019,vs NY Islanders,REG,L, 4-2 , +105,P,6
Ottawa,Oct 27 2019,vs San Jose,REG,W, 5-2 , +140,O,6.5
Ottawa,Nov 2 2019,@ Boston,REG,L, 5-2 , +320,O,6
Ottawa,Nov 4 2019,@ NY Rangers,REG,W, 6-2 , +140,O,6.5
Ottawa,Nov 5 2019,@ NY Islanders,REG,L, 4-1 , +225,U,6
Ottawa,Nov 7 2019,vs Los Angeles,REG,W, 3-2 , +105,U,6.5
Ottawa,Nov 9 2019,vs Carolina,REG,W, 4-1 , +150,U,6.5
Ottawa,Nov 11 2019,@ Carolina,REG,L, 8-2 , +200,O,6
Ottawa,Nov 13 2019,@ New Jersey,REG,W, 4-2 , +165,U,6.5
Ottawa,Nov 15 2019,vs Philadelphia,REG,W, 2-1 , +120,U,6.5
Ottawa,Nov 16 2019,@ Buffalo,REG,L, 4-2 , +170,U,6.5
Ottawa,Nov 19 2019,@ Detroit,REG,W, 4-3 , -105,O,6
Ottawa,Nov 20 2019,@ Montreal,REG,W, 2-1 , +170,U,6.5
Ottawa,Nov 22 2019,vs NY Rangers,REG,W, 4-1 , -115,U,6.5
Ottawa,Nov 25 2019,@ Columbus,REG,L, 1-0 , +140,U,6
Ottawa,Nov 27 2019,vs Boston,REG,L, 2-1 , +130,U,5.5
Ottawa,Nov 29 2019,@ Minnesota,REG,L, 7-2 , +150,O,5.5
Ottawa,Nov 30 2019,@ Calgary,REG,L, 3-1 , +205,U,6
Ottawa,Dec 3 2019,@ Vancouver,REG,L, 5-2 , +140,O,6
Ottawa,Dec 4 2019,@ Edmonton,REG,W, 5-2 , +175,O,6
Ottawa,Dec 7 2019,@ Philadelphia,REG,L, 4-3 , +175,O,6
Ottawa,Dec 9 2019,vs Boston,REG,W, 5-2 , +160,O,6
Ottawa,Dec 11 2019,@ Montreal,REG,L, 3-2 , +135,U,6.5
Ottawa,Dec 14 2019,vs Columbus,REG,W, 4-3 , -110,O,5.5
Ottawa,Dec 16 2019,@ Florida,REG,L, 6-1 , +170,O,6.5
Ottawa,Dec 17 2019,@ Tampa Bay,REG,L, 4-3 , +330,O,6.5
Ottawa,Dec 19 2019,vs Nashville,REG,W, 5-4 , +130,O,6.5
Ottawa,Dec 21 2019,vs Philadelphia,REG,L, 5-4 , +120,O,6
Ottawa,Dec 23 2019,vs Buffalo,REG,W, 3-1 , +100,U,6.5
Ottawa,Dec 29 2019,vs New Jersey,REG,L, 4-3 , -135,O,6
Ottawa,Dec 30 2019,@ Pittsburgh,REG,L, 5-2 , +250,O,6
Ottawa,Jan 2 2020,vs Florida,REG,L, 6-3 , +120,O,6.5
Ottawa,Jan 4 2020,vs Tampa Bay,REG,L, 5-3 , +180,O,6.5
Ottawa,Jan 7 2020,@ Washington,REG,L, 6-1 , +240,O,6.5
Ottawa,Jan 10 2020,@ Detroit,REG,L, 3-2 , -120,U,6.5
Ottawa,Jan 11 2020,vs Montreal,REG,L, 2-1 , +125,U,6.5
Ottawa,Jan 14 2020,vs Chicago,REG,L, 3-2 , -110,U,6
Ottawa,Jan 16 2020,vs Vegas,REG,L, 4-2 , +155,P,6
Ottawa,Jan 18 2020,vs Calgary,REG,W, 5-2 , +145,O,6
Ottawa,Jan 27 2020,vs New Jersey,REG,L, 4-3 , -125,O,6.5
Ottawa,Jan 28 2020,@ Buffalo,REG,W, 5-2 , +170,O,6
Ottawa,Jan 31 2020,vs Washington,REG,L, 5-3 , +175,O,6.5
Ottawa,Feb 1 2020,@ Toronto,REG,L, 2-1 , +230,U,7
Ottawa,Feb 4 2020,vs Anaheim,REG,L, 3-2 , -115,U,6
Ottawa,Feb 6 2020,vs Colorado,REG,L, 4-1 , +175,U,6.5
Ottawa,Feb 8 2020,@ Winnipeg,REG,L, 5-2 , +135,O,6
Ottawa,Feb 11 2020,@ Colorado,REG,L, 3-0 , +235,U,6.5
Ottawa,Feb 13 2020,vs Arizona,REG,W, 3-2 , +115,U,5.5
Ottawa,Feb 15 2020,vs Toronto,REG,L, 4-2 , +150,U,6.5
Ottawa,Feb 16 2020,vs Dallas,REG,W, 4-3 , +145,O,5.5
Ottawa,Feb 18 2020,vs Buffalo,REG,W, 7-4 , +100,O,6
Ottawa,Feb 20 2020,vs Winnipeg,REG,L, 5-1 , +105,U,6.5
Ottawa,Feb 22 2020,vs Montreal,REG,L, 3-0 , +130,U,6
Ottawa,Feb 24 2020,@ Columbus,REG,L, 4-3 , +190,O,5.5
Ottawa,Feb 25 2020,@ Nashville,REG,L, 3-2 , +290,U,6.5
Ottawa,Feb 27 2020,vs Vancouver,REG,W, 5-2 , +145,O,6.5
Ottawa,Feb 29 2020,vs Detroit,REG,W, 4-3 , -180,O,6
Ottawa,Mar 3 2020,@ Pittsburgh,REG,L, 7-3 , +260,O,6.5
Ottawa,Mar 5 2020,vs NY Islanders,REG,W, 4-3 , +140,O,5.5
Ottawa,Mar 7 2020,@ San Jose,REG,W, 2-1 , +135,U,6
Ottawa,Mar 10 2020,@ Anaheim,REG,L, 5-2 , +115,O,6
Ottawa,Mar 11 2020,@ Los Angeles,REG,L, 3-2 , +140,U,6

Philadelphia,Oct 4 2019,vs Chicago,REG,W, 4-3 , -125,O,6.5
Philadelphia,Oct 9 2019,vs New Jersey,REG,W, 4-0 , -125,U,6
Philadelphia,Oct 12 2019,@ Vancouver,REG,L, 3-2 , -105,U,6
Philadelphia,Oct 15 2019,@ Calgary,REG,L, 3-1 , +125,U,6.5
Philadelphia,Oct 16 2019,@ Edmonton,REG,L, 6-3 , +110,O,6
Philadelphia,Oct 19 2019,vs Dallas,REG,L, 4-1 , -155,U,5.5
Philadelphia,Oct 21 2019,vs Vegas,REG,W, 6-2 , -105,O,6.5
Philadelphia,Oct 24 2019,@ Chicago,REG,W, 4-1 , -110,U,6.5
Philadelphia,Oct 26 2019,vs Columbus,REG,W, 7-4 , -155,O,6
Philadelphia,Oct 27 2019,@ NY Islanders,REG,L, 5-3 , -105,O,5.5
Philadelphia,Oct 29 2019,@ Pittsburgh,REG,L, 7-1 , +125,O,6.5
Philadelphia,Nov 1 2019,@ New Jersey,REG,W, 4-3 , +100,O,6.5
Philadelphia,Nov 2 2019,vs Toronto,REG,L, 4-3 , +115,O,6.5
Philadelphia,Nov 5 2019,vs Carolina,REG,W, 4-1 , -110,U,6.5
Philadelphia,Nov 7 2019,vs Montreal,REG,W, 3-2 , -120,U,6.5
Philadelphia,Nov 9 2019,@ Toronto,REG,W, 3-2 , +150,U,6.5
Philadelphia,Nov 10 2019,@ Boston,REG,W, 3-2 , +170,U,6
Philadelphia,Nov 13 2019,vs Washington,REG,L, 2-1 , +100,U,6.5
Philadelphia,Nov 15 2019,@ Ottawa,REG,L, 2-1 , -140,U,6.5
Philadelphia,Nov 16 2019,vs NY Islanders,REG,L, 4-3 , -105,O,5.5
Philadelphia,Nov 19 2019,@ Florida,REG,L, 5-2 , +120,O,6.5
Philadelphia,Nov 21 2019,@ Carolina,REG,W, 5-3 , +130,O,6
Philadelphia,Nov 23 2019,vs Calgary,REG,L, 3-2 , -125,U,6
Philadelphia,Nov 25 2019,vs Vancouver,REG,W, 2-1 , -135,U,6
Philadelphia,Nov 27 2019,@ Columbus,REG,W, 3-2 , -105,U,5.5
Philadelphia,Nov 29 2019,vs Detroit,REG,W, 6-1 , -275,O,6
Philadelphia,Nov 30 2019,@ Montreal,REG,W, 4-3 , +110,O,6
Philadelphia,Dec 3 2019,vs Toronto,REG,W, 6-1 , -105,O,6.5
Philadelphia,Dec 5 2019,vs Arizona,REG,L, 3-1 , -145,U,5.5
Philadelphia,Dec 7 2019,vs Ottawa,REG,W, 4-3 , -210,O,6
Philadelphia,Dec 11 2019,@ Colorado,REG,L, 3-1 , +140,U,6
Philadelphia,Dec 14 2019,@ Minnesota,REG,L, 4-1 , +105,U,5.5
Philadelphia,Dec 15 2019,@ Winnipeg,REG,L, 7-3 , +140,O,6
Philadelphia,Dec 17 2019,vs Anaheim,REG,W, 4-1 , -135,U,5.5
Philadelphia,Dec 19 2019,vs Buffalo,REG,W, 6-1 , -140,O,6
Philadelphia,Dec 21 2019,@ Ottawa,REG,W, 5-4 , -140,O,6
Philadelphia,Dec 23 2019,vs NY Rangers,REG,W, 5-1 , -175,P,6
Philadelphia,Dec 28 2019,@ San Jose,REG,L, 6-1 , -130,O,6
Philadelphia,Dec 29 2019,@ Anaheim,REG,W, 2-1 , -110,U,5.5
Philadelphia,Dec 31 2019,@ Los Angeles,REG,L, 5-3 , -115,O,5.5
Philadelphia,Jan 2 2020,@ Vegas,REG,L, 5-4 , +155,O,6
Philadelphia,Jan 4 2020,@ Arizona,REG,L, 6-2 , +115,O,5.5
Philadelphia,Jan 7 2020,@ Carolina,REG,L, 5-4 , +145,O,6.5
Philadelphia,Jan 8 2020,vs Washington,REG,W, 3-2 , +110,U,6.5
Philadelphia,Jan 11 2020,vs Tampa Bay,REG,L, 1-0 , +115,U,6.5
Philadelphia,Jan 13 2020,vs Boston,REG,W, 6-5 , +110,O,5.5
Philadelphia,Jan 15 2020,@ St. Louis,REG,W, 4-3 , +165,O,6
Philadelphia,Jan 16 2020,vs Montreal,REG,L, 4-1 , -130,U,6
Philadelphia,Jan 18 2020,vs Los Angeles,REG,W, 4-1 , -155,U,5.5
Philadelphia,Jan 21 2020,vs Pittsburgh,REG,W, 3-0 , +110,U,6
Philadelphia,Jan 31 2020,@ Pittsburgh,REG,L, 4-3 , +160,O,6
Philadelphia,Feb 1 2020,vs Colorado,REG,W, 6-3 , +130,O,6
Philadelphia,Feb 3 2020,@ Detroit,REG,W, 3-0 , -220,U,6
Philadelphia,Feb 6 2020,vs New Jersey,REG,L, 5-0 , -230,U,6
Philadelphia,Feb 8 2020,@ Washington,REG,W, 7-2 , +160,O,6.5
Philadelphia,Feb 10 2020,vs Florida,REG,W, 4-1 , -135,U,6.5
Philadelphia,Feb 11 2020,@ NY Islanders,REG,L, 5-3 , +110,O,6
Philadelphia,Feb 13 2020,@ Florida,REG,W, 6-2 , +105,O,6.5
Philadelphia,Feb 15 2020,@ Tampa Bay,REG,L, 5-3 , +170,O,6
Philadelphia,Feb 18 2020,vs Columbus,REG,W, 5-1 , -155,O,5.5
Philadelphia,Feb 20 2020,@ Columbus,REG,W, 4-3 , -105,O,5.5
Philadelphia,Feb 22 2020,vs Winnipeg,REG,W, 4-2 , -155,P,6
Philadelphia,Feb 25 2020,vs San Jose,REG,W, 4-2 , -240,P,6
Philadelphia,Feb 28 2020,vs NY Rangers,REG,W, 5-2 , -175,O,6
Philadelphia,Mar 1 2020,@ NY Rangers,REG,W, 5-3 , -125,O,6
Philadelphia,Mar 4 2020,@ Washington,REG,W, 5-2 , +130,O,6.5
Philadelphia,Mar 5 2020,vs Carolina,REG,W, 4-1 , -130,U,6
Philadelphia,Mar 7 2020,vs Buffalo,REG,W, 3-1 , -220,U,5.5
Philadelphia,Mar 10 2020,vs Boston,REG,L, 2-0 , -110,U,5.5

Pittsburg,Oct 3 2019,vs Buffalo,REG,L, 3-1 , -190,U,6.5
Pittsburg,Oct 5 2019,vs Columbus,REG,W, 7-2 , -190,O,6.5
Pittsburg,Oct 8 2019,vs Winnipeg,REG,L, 4-1 , -165,U,6.5
Pittsburg,Oct 10 2019,vs Anaheim,REG,W, 2-1 , -145,U,5.5
Pittsburg,Oct 12 2019,@ Minnesota,REG,W, 7-4 , +105,O,5.5
Pittsburg,Oct 13 2019,@ Winnipeg,REG,W, 7-2 , +105,O,6.5
Pittsburg,Oct 16 2019,vs Colorado,REG,W, 3-2 , -110,U,6.5
Pittsburg,Oct 18 2019,vs Dallas,REG,W, 4-2 , -145,O,5.5
Pittsburg,Oct 19 2019,vs Vegas,REG,L, 3-0 , +105,U,6.5
Pittsburg,Oct 22 2019,@ Florida,REG,L, 4-2 , +115,P,6
Pittsburg,Oct 23 2019,@ Tampa Bay,REG,L, 3-2 , +205,U,6.5
Pittsburg,Oct 26 2019,@ Dallas,REG,W, 3-0 , +105,U,5.5
Pittsburg,Oct 29 2019,vs Philadelphia,REG,W, 7-1 , -145,O,6.5
Pittsburg,Nov 2 2019,vs Edmonton,REG,L, 2-1 , -200,U,6.5
Pittsburg,Nov 4 2019,@ Boston,REG,L, 6-4 , +140,O,6
Pittsburg,Nov 7 2019,@ NY Islanders,REG,W, 4-3 , -115,O,5.5
Pittsburg,Nov 9 2019,vs Chicago,REG,W, 3-2 , -220,U,6.5
Pittsburg,Nov 12 2019,@ NY Rangers,REG,L, 3-2 , -145,U,6.5
Pittsburg,Nov 15 2019,@ New Jersey,REG,L, 2-1 , -115,U,6
Pittsburg,Nov 16 2019,vs Toronto,REG,W, 6-1 , -135,O,6.5
Pittsburg,Nov 19 2019,vs NY Islanders,REG,L, 5-4 , -130,O,5.5
Pittsburg,Nov 21 2019,@ NY Islanders,REG,L, 4-3 , +115,O,5.5
Pittsburg,Nov 22 2019,vs New Jersey,REG,W, 4-1 , -140,U,6
Pittsburg,Nov 25 2019,vs Calgary,REG,W, 3-2 , -150,U,6
Pittsburg,Nov 27 2019,vs Vancouver,REG,W, 8-6 , -165,O,6
Pittsburg,Nov 29 2019,@ Columbus,REG,L, 5-2 , -115,O,6
Pittsburg,Nov 30 2019,@ St. Louis,REG,L, 5-2 , +100,O,6
Pittsburg,Dec 4 2019,vs St. Louis,REG,W, 3-0 , -115,U,6
Pittsburg,Dec 6 2019,vs Arizona,REG,W, 2-0 , -175,U,5.5
Pittsburg,Dec 7 2019,@ Detroit,REG,W, 5-3 , -210,O,6
Pittsburg,Dec 10 2019,vs Montreal,REG,L, 4-1 , -140,U,6
Pittsburg,Dec 12 2019,vs Columbus,REG,W, 1-0 , -155,U,5.5
Pittsburg,Dec 14 2019,vs Los Angeles,REG,W, 5-4 , -200,O,5.5
Pittsburg,Dec 17 2019,@ Calgary,REG,W, 4-1 , -105,U,6
Pittsburg,Dec 20 2019,@ Edmonton,REG,W, 5-2 , -120,O,6
Pittsburg,Dec 21 2019,@ Vancouver,REG,L, 4-1 , +100,U,6
Pittsburg,Dec 27 2019,@ Nashville,REG,W, 5-2 , +125,O,6
Pittsburg,Dec 28 2019,vs Nashville,REG,W, 6-4 , -125,O,6
Pittsburg,Dec 30 2019,vs Ottawa,REG,W, 5-2 , -300,O,6
Pittsburg,Jan 2 2020,vs San Jose,REG,L, 3-2 , -185,U,6.5
Pittsburg,Jan 4 2020,@ Montreal,REG,W, 3-2 , +105,U,6
Pittsburg,Jan 5 2020,vs Florida,REG,L, 4-1 , -160,U,6
Pittsburg,Jan 7 2020,@ Vegas,REG,W, 4-3 , +155,O,6
Pittsburg,Jan 10 2020,@ Colorado,REG,W, 4-3 , +145,O,6.5
Pittsburg,Jan 12 2020,@ Arizona,REG,W, 4-3 , -115,O,5.5
Pittsburg,Jan 14 2020,vs Minnesota,REG,W, 7-3 , -170,O,6
Pittsburg,Jan 16 2020,@ Boston,REG,L, 4-1 , +105,U,6
Pittsburg,Jan 17 2020,@ Detroit,REG,W, 2-1 , -250,U,6
Pittsburg,Jan 19 2020,vs Boston,REG,W, 4-3 , -120,O,6
Pittsburg,Jan 21 2020,@ Philadelphia,REG,L, 3-0 , -130,U,6
Pittsburg,Jan 31 2020,vs Philadelphia,REG,W, 4-3 , -180,O,6
Pittsburg,Feb 2 2020,@ Washington,REG,W, 4-3 , +125,O,6.5
Pittsburg,Feb 6 2020,@ Tampa Bay,REG,L, 4-2 , +140,U,6.5
Pittsburg,Feb 8 2020,@ Florida,REG,W, 3-2 , -115,U,6.5
Pittsburg,Feb 11 2020,vs Tampa Bay,REG,L, 2-1 , -125,U,6
Pittsburg,Feb 14 2020,vs Montreal,REG,W, 4-1 , -180,U,6
Pittsburg,Feb 16 2020,vs Detroit,REG,W, 5-1 , -500,P,6
Pittsburg,Feb 18 2020,vs Toronto,REG,W, 5-2 , -140,O,6.5
Pittsburg,Feb 20 2020,@ Toronto,REG,L, 4-0 , -105,U,6.5
Pittsburg,Feb 22 2020,vs Buffalo,REG,L, 5-2 , -230,O,6
Pittsburg,Feb 23 2020,@ Washington,REG,L, 5-3 , +115,O,6.5
Pittsburg,Feb 26 2020,@ Los Angeles,REG,L, 2-1 , -220,U,6
Pittsburg,Feb 28 2020,@ Anaheim,REG,L, 3-2 , -200,U,6
Pittsburg,Feb 29 2020,@ San Jose,REG,L, 5-0 , -175,U,6
Pittsburg,Mar 3 2020,vs Ottawa,REG,W, 7-3 , -320,O,6.5
Pittsburg,Mar 5 2020,@ Buffalo,REG,W, 4-2 , -170,P,6
Pittsburg,Mar 7 2020,vs Washington,REG,L, 5-2 , -130,O,6.5
Pittsburg,Mar 8 2020,vs Carolina,REG,L, 6-2 , -175,O,6
Pittsburg,Mar 10 2020,@ New Jersey,REG,W, 5-2 , -170,O,6

St. Louis,Oct 2 2019,vs Washington,REG,L, 3-2 , -160,U,5.5
St. Louis,Oct 5 2019,vs Dallas,REG,W, 3-2 , -145,U,5.5
St. Louis,Oct 7 2019,@ Toronto,REG,W, 3-2 , +120,U,6
St. Louis,Oct 10 2019,@ Ottawa,REG,W, 6-4 , -200,O,6
St. Louis,Oct 12 2019,@ Montreal,REG,L, 6-3 , -120,O,5.5
St. Louis,Oct 14 2019,@ NY Islanders,REG,L, 3-2 , -135,U,5.5
St. Louis,Oct 17 2019,vs Vancouver,REG,L, 4-3 , -200,O,5.5
St. Louis,Oct 19 2019,vs Montreal,REG,L, 5-2 , -145,O,6
St. Louis,Oct 21 2019,vs Colorado,REG,W, 3-1 , -140,U,6
St. Louis,Oct 24 2019,vs Los Angeles,REG,W, 5-2 , -175,O,5.5
St. Louis,Oct 26 2019,@ Boston,REG,L, 3-0 , +150,U,5.5
St. Louis,Oct 27 2019,@ Detroit,REG,W, 5-4 , -140,O,5.5
St. Louis,Oct 30 2019,vs Minnesota,REG,W, 2-1 , -180,U,5.5
St. Louis,Nov 1 2019,vs Columbus,REG,W, 4-3 , -170,O,5.5
St. Louis,Nov 2 2019,@ Minnesota,REG,W, 4-3 , +115,O,5.5
St. Louis,Nov 5 2019,@ Vancouver,REG,W, 2-1 , +110,U,6
St. Louis,Nov 6 2019,@ Edmonton,REG,W, 5-2 , +120,O,5.5
St. Louis,Nov 9 2019,@ Calgary,REG,W, 3-2 , +135,U,5.5
St. Louis,Nov 12 2019,vs Arizona,REG,L, 3-2 , -165,U,5.5
St. Louis,Nov 15 2019,@ Columbus,REG,L, 3-2 , -115,U,5.5
St. Louis,Nov 16 2019,vs Anaheim,REG,L, 4-1 , -165,U,5.5
St. Louis,Nov 19 2019,vs Tampa Bay,REG,W, 3-1 , +105,U,6
St. Louis,Nov 21 2019,vs Calgary,REG,W, 5-0 , -140,U,5.5
St. Louis,Nov 23 2019,vs Nashville,REG,L, 4-2 , -120,O,5.5
St. Louis,Nov 25 2019,@ Nashville,REG,L, 3-2 , +130,U,5.5
St. Louis,Nov 27 2019,@ Tampa Bay,REG,W, 4-3 , +135,O,6
St. Louis,Nov 29 2019,@ Dallas,REG,W, 3-1 , +135,U,5
St. Louis,Nov 30 2019,vs Pittsburgh,REG,W, 5-2 , -120,O,6
St. Louis,Dec 2 2019,@ Chicago,REG,W, 4-0 , -130,U,6
St. Louis,Dec 4 2019,@ Pittsburgh,REG,L, 3-0 , -105,U,6
St. Louis,Dec 7 2019,vs Toronto,REG,L, 5-2 , -120,O,6
St. Louis,Dec 10 2019,@ Buffalo,REG,L, 5-2 , -130,O,5.5
St. Louis,Dec 12 2019,vs Vegas,REG,W, 4-2 , -110,O,5.5
St. Louis,Dec 14 2019,vs Chicago,REG,W, 4-3 , -200,O,6
St. Louis,Dec 16 2019,vs Colorado,REG,W, 5-2 , -120,O,5.5
St. Louis,Dec 18 2019,vs Edmonton,REG,W, 2-1 , -160,U,5.5
St. Louis,Dec 21 2019,@ San Jose,REG,W, 5-2 , -120,O,5.5
St. Louis,Dec 23 2019,@ Los Angeles,REG,W, 4-1 , -150,U,5.5
St. Louis,Dec 27 2019,@ Winnipeg,REG,W, 5-4 , -130,O,5.5
St. Louis,Dec 29 2019,vs Winnipeg,REG,W, 4-1 , -180,U,6
St. Louis,Dec 31 2019,@ Arizona,REG,L, 3-1 , -120,U,5.5
St. Louis,Jan 2 2020,@ Colorado,REG,L, 7-3 , +115,O,6
St. Louis,Jan 4 2020,@ Vegas,REG,L, 5-4 , +120,O,5.5
St. Louis,Jan 7 2020,vs San Jose,REG,W, 3-2 , -190,U,5.5
St. Louis,Jan 9 2020,vs Buffalo,REG,W, 5-1 , -210,O,5.5
St. Louis,Jan 11 2020,vs NY Rangers,REG,W, 5-2 , -200,O,6
St. Louis,Jan 13 2020,vs Anaheim,REG,W, 4-1 , -220,U,5.5
St. Louis,Jan 15 2020,vs Philadelphia,REG,L, 4-3 , -190,O,6
St. Louis,Jan 18 2020,@ Colorado,REG,L, 5-3 , +115,O,6
St. Louis,Jan 27 2020,@ Vancouver,REG,L, 3-1 , -130,U,6
St. Louis,Jan 28 2020,@ Calgary,REG,W, 5-4 , +100,O,5.5
St. Louis,Jan 31 2020,@ Edmonton,REG,L, 4-2 , -125,P,6
St. Louis,Feb 1 2020,@ Winnipeg,REG,L, 5-2 , -145,O,6
St. Louis,Feb 4 2020,vs Carolina,REG,W, 6-3 , -135,O,5.5
St. Louis,Feb 6 2020,vs Winnipeg,REG,L, 4-2 , -200,P,6
St. Louis,Feb 8 2020,vs Dallas,REG,L, 3-2 , -175,U,5.5
St. Louis,Feb 13 2020,@ Vegas,REG,L, 6-5 , +115,O,5.5
St. Louis,Feb 15 2020,vs Nashville,REG,L, 4-3 , -140,O,5.5
St. Louis,Feb 16 2020,@ Nashville,REG,L, 2-1 , -105,U,5.5
St. Louis,Feb 18 2020,vs New Jersey,REG,W, 3-0 , -280,U,6
St. Louis,Feb 20 2020,vs Arizona,REG,W, 1-0 , -175,U,5.5
St. Louis,Feb 21 2020,@ Dallas,REG,W, 5-1 , +150,O,5.5
St. Louis,Feb 23 2020,@ Minnesota,REG,W, 4-1 , -120,U,5.5
St. Louis,Feb 25 2020,vs Chicago,REG,W, 6-5 , -200,O,6
St. Louis,Feb 27 2020,vs NY Islanders,REG,W, 3-2 , -165,U,5.5
St. Louis,Feb 29 2020,vs Dallas,REG,W, 4-3 , -135,O,5
St. Louis,Mar 3 2020,@ NY Rangers,REG,W, 3-1 , -145,U,6
St. Louis,Mar 6 2020,@ New Jersey,REG,L, 4-2 , -225,O,5.5
St. Louis,Mar 8 2020,@ Chicago,REG,W, 2-0 , -140,U,6
St. Louis,Mar 9 2020,vs Florida,REG,L, 2-1 , -160,U,6
St. Louis,Mar 11 2020,@ Anaheim,REG,W, 4-2 , -210,U,6.5

San Jose,Oct 2 2019,@ Vegas,REG,L, 4-1 , +170,U,6.5
San Jose,Oct 4 2019,vs Vegas,REG,L, 5-1 , +100,U,6.5
San Jose,Oct 5 2019,@ Anaheim,REG,L, 3-1 , -105,U,5.5
San Jose,Oct 8 2019,@ Nashville,REG,L, 5-2 , +150,O,6
San Jose,Oct 10 2019,@ Chicago,REG,W, 5-4 , -115,O,6.5
San Jose,Oct 13 2019,vs Calgary,REG,W, 3-1 , -130,U,6.5
San Jose,Oct 16 2019,vs Carolina,REG,W, 5-2 , -140,O,6.5
San Jose,Oct 19 2019,vs Buffalo,REG,L, 4-3 , -175,O,6.5
San Jose,Oct 22 2019,@ Buffalo,REG,L, 4-3 , -105,O,6.5
San Jose,Oct 24 2019,@ Montreal,REG,W, 4-2 , +115,U,6.5
San Jose,Oct 25 2019,@ Toronto,REG,L, 4-1 , +165,U,6.5
San Jose,Oct 27 2019,@ Ottawa,REG,L, 5-2 , -160,O,6.5
San Jose,Oct 29 2019,@ Boston,REG,L, 5-1 , +180,P,6
San Jose,Nov 1 2019,vs Winnipeg,REG,L, 3-2 , -150,U,6.5
San Jose,Nov 2 2019,vs Vancouver,REG,L, 5-2 , -150,O,6.5
San Jose,Nov 5 2019,vs Chicago,REG,W, 4-2 , -155,U,6.5
San Jose,Nov 7 2019,vs Minnesota,REG,W, 6-5 , -145,O,6
San Jose,Nov 9 2019,vs Nashville,REG,W, 2-1 , +105,U,6.5
San Jose,Nov 12 2019,vs Edmonton,REG,W, 6-3 , -135,O,6
San Jose,Nov 14 2019,@ Anaheim,REG,W, 5-3 , -115,O,6
San Jose,Nov 16 2019,vs Detroit,REG,W, 4-3 , -230,O,6.5
San Jose,Nov 19 2019,vs Edmonton,REG,L, 5-2 , -135,O,6.5
San Jose,Nov 21 2019,@ Vegas,REG,W, 2-1 , +160,U,6.5
San Jose,Nov 23 2019,vs NY Islanders,REG,W, 2-1 , -105,U,6
San Jose,Nov 25 2019,@ Los Angeles,REG,W, 4-3 , -115,O,6
San Jose,Nov 27 2019,vs Winnipeg,REG,L, 5-1 , -135,U,6.5
San Jose,Nov 29 2019,vs Los Angeles,REG,W, 4-1 , -160,U,6
San Jose,Nov 30 2019,@ Arizona,REG,W, 4-2 , +105,O,5.5
San Jose,Dec 3 2019,vs Washington,REG,L, 5-2 , -105,O,6.5
San Jose,Dec 5 2019,@ Carolina,REG,L, 3-2 , +140,U,6
San Jose,Dec 7 2019,@ Tampa Bay,REG,L, 7-1 , +170,O,6.5
San Jose,Dec 8 2019,@ Florida,REG,L, 5-1 , +125,U,6.5
San Jose,Dec 10 2019,@ Nashville,REG,L, 3-1 , +150,U,6.5
San Jose,Dec 12 2019,vs NY Rangers,REG,L, 6-3 , -165,O,6.5
San Jose,Dec 14 2019,vs Vancouver,REG,W, 4-2 , -125,P,6
San Jose,Dec 17 2019,vs Arizona,REG,L, 3-2 , -105,U,5.5
San Jose,Dec 21 2019,vs St. Louis,REG,L, 5-2 , +100,O,5.5
San Jose,Dec 22 2019,vs Vegas,REG,L, 3-1 , +125,U,6
San Jose,Dec 27 2019,vs Los Angeles,REG,L, 3-2 , -150,U,6
San Jose,Dec 28 2019,vs Philadelphia,REG,W, 6-1 , +110,O,6
San Jose,Dec 31 2019,@ Detroit,REG,L, 2-0 , -170,U,6
San Jose,Jan 2 2020,@ Pittsburgh,REG,W, 3-2 , +155,U,6.5
San Jose,Jan 4 2020,@ Columbus,REG,W, 3-2 , +115,U,5.5
San Jose,Jan 5 2020,@ Washington,REG,L, 5-4 , +210,O,6.5
San Jose,Jan 7 2020,@ St. Louis,REG,L, 3-2 , +165,U,5.5
San Jose,Jan 9 2020,vs Columbus,REG,W, 3-1 , -125,U,5.5
San Jose,Jan 11 2020,vs Dallas,REG,W, 2-1 , +105,U,5.5
San Jose,Jan 14 2020,@ Arizona,REG,L, 6-3 , +115,O,5.5
San Jose,Jan 16 2020,@ Colorado,REG,L, 4-0 , +190,U,6.5
San Jose,Jan 18 2020,@ Vancouver,REG,L, 4-1 , +120,U,6
San Jose,Jan 27 2020,vs Anaheim,REG,W, 4-2 , -145,O,5.5
San Jose,Jan 29 2020,vs Vancouver,REG,L, 5-2 , -115,O,6
San Jose,Feb 1 2020,vs Tampa Bay,REG,L, 3-0 , +145,U,6
San Jose,Feb 4 2020,@ Calgary,REG,W, 3-1 , +160,U,6
San Jose,Feb 6 2020,@ Edmonton,REG,W, 6-3 , +145,O,6
San Jose,Feb 10 2020,vs Calgary,REG,L, 6-2 , +100,O,6
San Jose,Feb 14 2020,@ Winnipeg,REG,W, 3-2 , +135,U,6
San Jose,Feb 15 2020,@ Minnesota,REG,W, 2-0 , +180,U,6
San Jose,Feb 17 2020,vs Florida,REG,L, 5-3 , +130,O,6
San Jose,Feb 20 2020,@ New Jersey,REG,L, 2-1 , +115,U,6
San Jose,Feb 22 2020,@ NY Rangers,REG,L, 3-2 , +140,U,6
San Jose,Feb 23 2020,@ NY Islanders,REG,L, 4-1 , +180,U,5.5
San Jose,Feb 25 2020,@ Philadelphia,REG,L, 4-2 , +200,P,6
San Jose,Feb 27 2020,vs New Jersey,REG,W, 3-2 , -145,U,6
San Jose,Feb 29 2020,vs Pittsburgh,REG,W, 5-0 , +155,U,6
San Jose,Mar 3 2020,vs Toronto,REG,W, 5-2 , +140,O,6.5
San Jose,Mar 5 2020,vs Minnesota,REG,L, 3-2 , +115,U,5.5
San Jose,Mar 7 2020,vs Ottawa,REG,L, 2-1 , -155,U,6
San Jose,Mar 8 2020,vs Colorado,REG,L, 4-3 , +140,O,5.5
San Jose,Mar 11 2020,@ Chicago,REG,L, 6-2 , +145,O,6

